,Beta,Gini,Total,Group_probs,Group,Time Window Size
0,0,0.09493143541250783,0.21498977117138132,"{3: 0.2153647560268367, 5: 0.2150200930137252, 1: 0.20977430473568084, 8: 0.19176188119890594, 2: 0.20374577379848058, 0: 0.121143340695492, 4: 0.258387896632793}",PrimaryRace,30
1,10,0.09437679767376515,0.21509158660118155,"{3: 0.21433389831148345, 5: 0.22053839983083892, 1: 0.2023465025975561, 8: 0.20018309365925271, 2: 0.22304647276480324, 0: 0.121143340695492, 4: 0.258387896632793}",PrimaryRace,30
2,25,0.08999200491709784,0.21839334694877136,"{3: 0.21730638634128285, 5: 0.2250817089960633, 1: 0.2126127388194605, 8: 0.20920999244137234, 2: 0.22905334368322783, 0: 0.121143340695492, 4: 0.258387896632793}",PrimaryRace,30
3,50,0.08798192463911655,0.22016266731947123,"{3: 0.21912536261791932, 5: 0.226280437719166, 1: 0.21489419391572703, 8: 0.2144832051841056, 2: 0.23172655598773123, 0: 0.121143340695492, 4: 0.258387896632793}",PrimaryRace,30
4,75,0.08859412775329917,0.22041286777635424,"{3: 0.21948043125421685, 5: 0.22583400091195713, 1: 0.21489419391572703, 8: 0.21591225625548732, 2: 0.23520921723292623, 0: 0.121143340695492, 4: 0.258387896632793}",PrimaryRace,30
5,100,0.08769718879239345,0.22053246835796098,"{3: 0.21964517640360948, 5: 0.22568123438410076, 1: 0.21489371465222507, 8: 0.21660396101129445, 2: 0.23307055311722752, 0: 0.121143340695492, 4: 0.258387896632793}",PrimaryRace,30
6,250,0.08758881353611707,0.22225290325764188,"{3: 0.2214787782443154, 5: 0.22672224491936088, 1: 0.21489371465222507, 8: 0.21929520508175102, 2: 0.2347190020801357, 0: 0.121143340695492, 4: 0.258387896632793}",PrimaryRace,30
7,500,0.08576766752878427,0.2231304320353072,"{3: 0.22241148844780315, 5: 0.2272038143672954, 1: 0.21891362230709888, 8: 0.22093205794339318, 2: 0.23576507638743696, 0: 0.121143340695492, 4: 0.258387896632793}",PrimaryRace,30
8,750,0.08499547694079737,0.22729355419088054,"{3: 0.22655209838551432, 5: 0.23153474591978343, 1: 0.22211645238197195, 8: 0.22475599266161295, 2: 0.23954906828530087, 0: 0.121143340695492, 4: 0.258387896632793}",PrimaryRace,30
9,1000,0.08495961568730162,0.2273778412460685,"{3: 0.22664724327862124, 5: 0.23155692613980094, 1: 0.22211645238197195, 8: 0.22489364270726583, 2: 0.23954906828530087, 0: 0.121143340695492, 4: 0.258387896632793}",PrimaryRace,30
10,2500,0.10634708603903203,0.22694774786220143,"{3: 0.22610628486098122, 5: 0.23184763903716202, 1: 0.22211645238197195, 8: 0.22315601026592638, 2: 0.23954906828530087, 0: 0.0881280789559944, 4: 0.258387896632793}",PrimaryRace,30
11,5000,0.10509795268686124,0.2280195853416735,"{3: 0.2271754366131323, 5: 0.23289723061349216, 1: 0.22535369994866375, 8: 0.22443190302165028, 2: 0.24059514259260215, 0: 0.0881280789559944, 4: 0.258387896632793}",PrimaryRace,30
12,7500,0.10509390670242032,0.2280247027313763,"{3: 0.2271865340991808, 5: 0.2328701548387803, 1: 0.22535369994866375, 8: 0.22443190302165028, 2: 0.24059514259260215, 0: 0.0881280789559944, 4: 0.258387896632793}",PrimaryRace,30
13,10000,0.1050979642514305,0.2280420831499192,"{3: 0.22719985133573242, 5: 0.23291153302773848, 1: 0.22535369994866375, 8: 0.22443190302165028, 2: 0.24059514259260215, 0: 0.0881280789559944, 4: 0.258387896632793}",PrimaryRace,30
0,0,0.006530217843243372,0.21498977117138132,"{0: 0.21308307835811932, 1: 0.21872264929316554}",Gender,30
1,10,0.006460936546566026,0.21502640082518193,"{0: 0.21313970036338353, 1: 0.21872013839382465}",Gender,30
2,25,0.004231814604524413,0.21513244163520337,"{0: 0.21389786206828662, 1: 0.21754947232986507}",Gender,30
3,50,0.002404249975155957,0.215341399672715,"{0: 0.2146401404864284, 1: 0.2167143083321393}",Gender,30
4,75,0.0015257362417507385,0.21568698191550148,"{0: 0.21524150274842024, 1: 0.21655913049913367}",Gender,30
5,100,0.001120678028536292,0.2170972665987094,"{0: 0.21676800188570816, 1: 0.2177418932710758}",Gender,30
6,250,0.0004852993368615876,0.22145272966698049,"{0: 0.2213073438934763, 1: 0.22173736249789985}",Gender,30
7,500,0.00032097047100699297,0.2321652245184507,"{0: 0.23206442761469698, 1: 0.2323625623141086}",Gender,30
8,750,0.00017719684966568133,0.2535289578622273,"{0: 0.2534681964209594, 1: 0.2536479151757387}",Gender,30
9,1000,0.00013408874255571663,0.2578074904398163,"{0: 0.2577607362836973, 1: 0.25789902462155}",Gender,30
10,2500,0.00016963348812286242,0.27397165090709874,"{0: 0.27390879304717985, 1: 0.2740947125394923}",Gender,30
11,5000,0.00019751357152690744,0.2872962301744119,"{0: 0.28721948040423034, 1: 0.2874464890603582}",Gender,30
12,7500,0.0002578303870752926,0.289930235875342,"{0: 0.28982912571686564, 1: 0.29012818695369164}",Gender,30
13,10000,5.2780120543595836e-05,0.28688221280239967,"{0: 0.2869026892121844, 1: 0.2868421245713189}",Gender,30
0,0,0.10878083542854647,0.21498977117138132,"{0: 0.21557131467925916, 1: 0.2057922592675187, 8: 0.1629444354499616, 9: 0.12672491521047724}",Ethnicity,30
1,10,0.09481390178168066,0.21504207154288082,"{0: 0.21535324934115474, 1: 0.20758094140009234, 8: 0.19213599312728705, 9: 0.12672491521047724}",Ethnicity,30
2,25,0.01205035029850059,0.21521979047069997,"{0: 0.2153993717618704, 1: 0.2091830554874211, 8: 0.2029758185359186, 9: 0.2062623920758945}",Ethnicity,30
3,50,0.013853505198313026,0.2204050120548618,"{0: 0.22055510383362628, 1: 0.21511368973339887, 8: 0.21074178716175204, 9: 0.2062623920758945}",Ethnicity,30
4,75,0.014167828322677992,0.22041349184343717,"{0: 0.22057317990293657, 1: 0.2150545171836464, 8: 0.20972474934849802, 9: 0.2062623920758945}",Ethnicity,30
5,100,0.017202658257488988,0.22365242183367845,"{0: 0.223798598147744, 1: 0.2195881220186463, 8: 0.212847782893528, 9: 0.2062623920758945}",Ethnicity,30
6,250,0.03093729447904792,0.24043184358685468,"{0: 0.2406097610214293, 1: 0.23623055891256317, 8: 0.22668694376977894, 9: 0.2062623920758945}",Ethnicity,30
7,500,0.03363887915401377,0.24451030897736364,"{0: 0.24468786172426413, 1: 0.24008416249380923, 8: 0.2312606784880678, 9: 0.2062623920758945}",Ethnicity,30
8,750,0.03763579502157899,0.24945065229201344,"{0: 0.2496310080679448, 1: 0.24582595856155295, 8: 0.23492620479466575, 9: 0.2062623920758945}",Ethnicity,30
9,1000,0.038881160300209903,0.25164172855951483,"{0: 0.2518169088200131, 1: 0.24798209147871508, 8: 0.2378449469590098, 9: 0.2062623920758945}",Ethnicity,30
10,2500,0.05270770660509948,0.2762409961211222,"{0: 0.27633477732843653, 1: 0.2785909374744028, 8: 0.25983280907396217, 9: 0.3402513153334351}",Ethnicity,30
11,5000,0.030167083142546708,0.2506875613071377,"{0: 0.25089147382463406, 1: 0.24682763009869832, 8: 0.23340903991503964, 9: 0.21721917403736235}",Ethnicity,30
12,7500,0.05160577916568932,0.2782654539402399,"{0: 0.27836112904285343, 1: 0.28094834565728743, 8: 0.2612415736261978, 9: 0.3402513153334351}",Ethnicity,30
13,10000,0.05136959556644959,0.2776700380056273,"{0: 0.2777859744483586, 1: 0.27828625513652233, 8: 0.26114015284677006, 9: 0.3402513153334351}",Ethnicity,30
0,0,0.043970194785430086,0.21498977117138132,"{0: 0.21418130719670297, 1: 0.23138869828454398, 9: 0.2247661183209142, 8: 0.18478390942473433}",VeteranStatus,30
1,10,0.0510717332861932,0.21501071282038803,"{0: 0.21444806782938694, 1: 0.22632899226195338, 9: 0.23974732734396703, 8: 0.18478390942473433}",VeteranStatus,30
2,25,0.04599930513148184,0.21525601822905155,"{0: 0.214889371669032, 1: 0.22265497611520108, 9: 0.2347628341235858, 8: 0.18478390942473433}",VeteranStatus,30
3,50,0.04350382356135902,0.22783663453960928,"{0: 0.2277108998148158, 1: 0.2305210419202158, 9: 0.2347628341235858, 8: 0.18478390942473433}",VeteranStatus,30
4,75,0.06634528362631717,0.21694307739851212,"{0: 0.21667808171439473, 1: 0.22240963136252453, 9: 0.2347628341235858, 8: 0.16267406695736333}",VeteranStatus,30
5,100,0.07701222837749734,0.22374135191011454,"{0: 0.2236098598456753, 1: 0.22647459348265764, 9: 0.2503452113358472, 8: 0.16267406695736333}",VeteranStatus,30
6,250,0.010929090990035249,0.2373277233464701,"{0: 0.23723397871659443, 1: 0.23910093002397334, 9: 0.2503452113358472, 8: 0.242119634857397}",VeteranStatus,30
7,500,0.006716765887629569,0.24274002628572566,"{0: 0.24266021063457138, 1: 0.244297694502023, 9: 0.2503452113358472, 8: 0.242119634857397}",VeteranStatus,30
8,750,0.006805474963579154,0.2439049490636317,"{0: 0.2438059309130625, 1: 0.24586479773952682, 9: 0.2503452113358472, 8: 0.242119634857397}",VeteranStatus,30
9,1000,0.009082242560624933,0.24579999007370168,"{0: 0.24574401177081112, 1: 0.24688767864145494, 9: 0.253708319575007, 8: 0.242119634857397}",VeteranStatus,30
10,2500,0.020277445647392943,0.2544736279468909,"{0: 0.2544074840245209, 1: 0.2557537454575888, 9: 0.2692906967872684, 8: 0.242119634857397}",VeteranStatus,30
11,5000,0.020280146788746387,0.25492214902395444,"{0: 0.25485199503741607, 1: 0.2562887532476676, 9: 0.2692906967872684, 8: 0.242119634857397}",VeteranStatus,30
12,7500,0.023784285111313717,0.2573713423133438,"{0: 0.2572829732528022, 1: 0.25909794877939357, 9: 0.2742661328859866, 8: 0.242119634857397}",VeteranStatus,30
13,10000,0.023701986866551082,0.2576820152971163,"{0: 0.25760832255637894, 1: 0.2591158626131945, 9: 0.2742661328859866, 8: 0.242119634857397}",VeteranStatus,30
0,0,0.16238933096979735,0.21498977117138132,"{0: 0.20253046879766495, 1: 0.2958919568242783, 8: 0.2495749629168413, 9: 0.1229883908624405}",DisablingCondition,30
1,10,0.11579624945410683,0.21606399570077003,"{0: 0.20687693607771687, 1: 0.2766975456309917, 8: 0.2335601352430274, 9: 0.358583260130939}",DisablingCondition,30
2,25,0.11203463790449453,0.22057228285866132,"{0: 0.2128219882445541, 1: 0.2726629408889117, 8: 0.22904387178541627, 9: 0.358583260130939}",DisablingCondition,30
3,50,0.10047174453555421,0.23100927979245167,"{0: 0.22450778296667445, 1: 0.2748590654289965, 8: 0.2370280383441399, 9: 0.358583260130939}",DisablingCondition,30
4,75,0.09294361870277844,0.23823928757429155,"{0: 0.23226168187928584, 1: 0.2785629903289666, 8: 0.2437019012822343, 9: 0.358583260130939}",DisablingCondition,30
5,100,0.08628057995106601,0.24467350737930976,"{0: 0.23927124802078478, 1: 0.2811164908863337, 8: 0.2495683939264051, 9: 0.358583260130939}",DisablingCondition,30
6,250,0.07481116110282086,0.25679059706092394,"{0: 0.25212965565206075, 1: 0.2882867366513246, 8: 0.26063353058716804, 9: 0.358583260130939}",DisablingCondition,30
7,500,0.0667194145328728,0.26588156253415174,"{0: 0.2616675533710489, 1: 0.2943817729873589, 8: 0.2691924420207963, 9: 0.358583260130939}",DisablingCondition,30
8,750,0.0645341350454522,0.2685743727787626,"{0: 0.2644003816836436, 1: 0.2968178168347816, 8: 0.2717766117319257, 9: 0.358583260130939}",DisablingCondition,30
9,1000,0.06443586099565626,0.26872411087237236,"{0: 0.2645473291445497, 1: 0.29699514400754684, 8: 0.2718730621966419, 9: 0.358583260130939}",DisablingCondition,30
10,2500,0.06105130336917309,0.2723736092715792,"{0: 0.2683662891665146, 1: 0.2993563853886278, 8: 0.27631981929771887, 9: 0.358583260130939}",DisablingCondition,30
11,5000,0.061057027733650245,0.2723422561734163,"{0: 0.2683347788405535, 1: 0.29931588543709325, 8: 0.27635524759854274, 9: 0.358583260130939}",DisablingCondition,30
12,7500,0.061036645285348766,0.2723787468321291,"{0: 0.26837262676893275, 1: 0.2993486131860617, 8: 0.27635524759854274, 9: 0.358583260130939}",DisablingCondition,30
13,10000,0.061036645285348766,0.2723787468321291,"{0: 0.26837262676893275, 1: 0.2993486131860617, 8: 0.27635524759854274, 9: 0.358583260130939}",DisablingCondition,30
0,0,0.10745496953708546,0.21498977117138132,"{-1: 0.2098631262472127, 8: 0.25675658788598155, 2: 0.1629953413401296, 1: 0.23327448776421644, 3: 0.15567717713181917, 4: 0.1637942481595853}",HousingStatusAtEntry,30
1,10,0.07912238112546663,0.21654038635288633,"{-1: 0.2266318649768752, 8: 0.24587337619739075, 2: 0.17645188768567455, 1: 0.23027629677303807, 3: 0.17161628953957525, 4: 0.17665293188839168}",HousingStatusAtEntry,30
2,25,0.06748048917547476,0.21879818620103308,"{-1: 0.23257724569039012, 8: 0.24335415826772552, 2: 0.18389624135077137, 1: 0.23002248196673547, 3: 0.18046305774658655, 4: 0.18354872940898173}",HousingStatusAtEntry,30
3,50,0.05267100149337178,0.223475110772142,"{-1: 0.2358783709244031, 8: 0.24310492598966083, 2: 0.19525094813520544, 1: 0.2316540110308873, 3: 0.19254352582572218, 4: 0.1969643960700911}",HousingStatusAtEntry,30
4,75,0.03822279019522652,0.22853925378001574,"{-1: 0.2376573955252194, 8: 0.24324959886063904, 2: 0.20757610119123857, 1: 0.23457327956084909, 3: 0.20533927605987753, 4: 0.20790576463648544}",HousingStatusAtEntry,30
5,100,0.03161288793432931,0.23108865794837172,"{-1: 0.23846944047731436, 8: 0.24354597528777455, 2: 0.21321647278881323, 1: 0.2364704061960837, 3: 0.21156437115666546, 4: 0.21458386914095762}",HousingStatusAtEntry,30
6,250,0.01780935507840158,0.2380627957097779,"{-1: 0.240713585109747, 8: 0.24549630500222175, 2: 0.2277389901020073, 1: 0.24204077719262534, 3: 0.22627411420517557, 4: 0.22893469310176073}",HousingStatusAtEntry,30
7,500,0.012034235641992496,0.2422887267159938,"{-1: 0.24211183657494037, 8: 0.24766063636754618, 2: 0.23532852752339983, 1: 0.2453585037049615, 3: 0.23393265301192798, 4: 0.23678116568747296}",HousingStatusAtEntry,30
8,750,0.009698153401747686,0.2439443185481538,"{-1: 0.24236764388692833, 8: 0.24857660452019986, 2: 0.23829095016651367, 1: 0.24650359983951622, 3: 0.23717722894958565, 4: 0.2394886127515743}",HousingStatusAtEntry,30
9,1000,0.008859258510591484,0.24461988550137712,"{-1: 0.24242547777836704, 8: 0.2490448270857601, 2: 0.23933443257083215, 1: 0.24693666731577074, 3: 0.23832771552172116, 4: 0.24134793322529124}",HousingStatusAtEntry,30
10,2500,0.007189512268022794,0.24639288503256399,"{-1: 0.2425845963109001, 8: 0.25020276178562967, 2: 0.24249104801595284, 1: 0.24823632590139302, 3: 0.2411923561414215, 4: 0.24363679249521716}",HousingStatusAtEntry,30
11,5000,0.007561394353792893,0.24710653968795443,"{-1: 0.24264124304056514, 8: 0.2510036877988154, 2: 0.24316419212525545, 1: 0.24903639336254252, 3: 0.24188563868980772, 4: 0.24521359218388653}",HousingStatusAtEntry,30
12,7500,0.007582398260560243,0.2476831928711593,"{-1: 0.24270097326206982, 8: 0.2515803359870614, 2: 0.2439919378662332, 1: 0.24958668399928643, 3: 0.24251187092385465, 4: 0.24511903528910206}",HousingStatusAtEntry,30
13,10000,0.007577126239112167,0.2478755632313552,"{-1: 0.24270097326206982, 8: 0.25172250625956594, 2: 0.24424989360307775, 1: 0.2498584561831465, 3: 0.2428817214322446, 4: 0.24534975638305728}",HousingStatusAtEntry,30
0,0,0.059922681841648666,0.21498977117138132,"{0: 0.21367798135162833, 1: 0.2659058290364421, 2: 0.28214525390542183}",HUDChronicHomeless,30
1,10,0.05258080294187883,0.21504002155242288,"{0: 0.21399896094365164, 1: 0.25490838440053926, 2: 0.2724724807555}",HUDChronicHomeless,30
2,25,0.05050067488459612,0.21560869620129464,"{0: 0.2147318562104013, 1: 0.24836570518299572, 2: 0.270286436473136}",HUDChronicHomeless,30
3,50,0.030715623430689114,0.2323578299143317,"{0: 0.23187349872111615, 1: 0.24995780186813024, 2: 0.2663445292972202}",HUDChronicHomeless,30
4,75,0.023104295305992152,0.25105199807585904,"{0: 0.2508190817001927, 1: 0.25812041145025855, 2: 0.2780948940468585}",HUDChronicHomeless,30
5,100,0.01633681397096051,0.2739972817742775,"{0: 0.2738123404144746, 1: 0.27972377726260284, 2: 0.2945960054930129}",HUDChronicHomeless,30
6,250,0.00582281098765809,0.30882602902169237,"{0: 0.30874193031382313, 1: 0.3115950112371567, 2: 0.31692820702201285}",HUDChronicHomeless,30
7,500,0.002142995761058853,0.33238254476431045,"{0: 0.33235241337279553, 1: 0.3333373909303061, 2: 0.33557095973235934}",HUDChronicHomeless,30
8,750,0.000808768008520783,0.33457250447621456,"{0: 0.3345442667268854, 1: 0.3357642039842853, 2: 0.33528459969321645}",HUDChronicHomeless,30
9,1000,0.0029592139048451793,0.34524145691100955,"{0: 0.3451297679685078, 1: 0.3497656936455551, 2: 0.3495093085078942}",HUDChronicHomeless,30
10,2500,0.005644901204286684,0.3451660446267288,"{0: 0.34495672866407995, 1: 0.35385078036145184, 2: 0.35158603794128246}",HUDChronicHomeless,30
11,5000,0.0036266978437948304,0.3463469793711185,"{0: 0.346214031537377, 1: 0.3519160122996117, 2: 0.350019173959145}",HUDChronicHomeless,30
12,7500,0.0074976127586808905,0.3467574453041947,"{0: 0.3464806920994879, 1: 0.3583902721547062, 2: 0.3540954417687671}",HUDChronicHomeless,30
13,10000,0.0074976127586808905,0.3467574453041947,"{0: 0.3464806920994879, 1: 0.3583902721547062, 2: 0.3540954417687671}",HUDChronicHomeless,30
0,0,0.010749885956982085,0.21498977117138132,"{0: 0.21626912821970642, 1: 0.2071653828120233}",PhysicalDisability,30
1,10,0.005283477481706189,0.2150206597743263,"{0: 0.2156544489877427, 1: 0.21114448388563722}",PhysicalDisability,30
2,25,0.002871115901696154,0.21508364431900423,"{0: 0.2154293452528941, 1: 0.21296938046554095}",PhysicalDisability,30
3,50,0.0019952598850956306,0.21529694807708624,"{0: 0.21553773052111128, 1: 0.2138243526396876}",PhysicalDisability,30
4,75,0.0018511480071810762,0.21813196208006186,"{0: 0.21835834187780814, 1: 0.21674745143340615}",PhysicalDisability,30
5,100,0.0013504092886526375,0.21879688328832467,"{0: 0.21896264939596508, 1: 0.21778307842071906}",PhysicalDisability,30
6,250,0.0002708144026139341,0.2269342247873943,"{0: 0.22696875778902306, 1: 0.2267230252506336}",PhysicalDisability,30
7,500,0.00018693236223148185,0.23756588092364514,"{0: 0.23754091101444144, 1: 0.23771859377824917}",PhysicalDisability,30
8,750,0.0005165500227012928,0.2454003310982005,"{0: 0.24532902250501687, 1: 0.24583644557238782}",PhysicalDisability,30
9,1000,0.00014618457078136956,0.2561000715731347,"{0: 0.25607902244137615, 1: 0.25622880544123006}",PhysicalDisability,30
10,2500,4.641576595525823e-05,0.26779823875840897,"{0: 0.2677912510644247, 1: 0.26784097462447604}",PhysicalDisability,30
11,5000,5.328248775978099e-05,0.2705842430135533,"{0: 0.2705761380339883, 1: 0.2706338120590709}",PhysicalDisability,30
12,7500,0.0004671041153974711,0.2752353940808083,"{0: 0.27516307691197844, 1: 0.27567767687802636}",PhysicalDisability,30
13,10000,7.497308036847329e-06,0.2754537510081316,"{0: 0.27545491187126026, 1: 0.2754466513138259}",PhysicalDisability,30
0,0,0.012744641646177677,0.21498977117138132,"{0: 0.21558482034827925, 1: 0.20486778478502757}",ReceivePhysicalDisabilityServices,30
1,10,0.0027750374932318743,0.21503250200339222,"{0: 0.21516438041508823, 1: 0.21278920592020129}",ReceivePhysicalDisabilityServices,30
2,25,1.698152574806634e-05,0.21508404021716412,"{0: 0.21508322900176863, 1: 0.21509783926354278}",ReceivePhysicalDisabilityServices,30
3,50,0.0012653958114761399,0.2152750360539051,"{0: 0.21521439923661892, 1: 0.21630648868489963}",ReceivePhysicalDisabilityServices,30
4,75,0.0016137969276134305,0.21542671574692818,"{0: 0.2153492812497963, 1: 0.2167439025547292}",ReceivePhysicalDisabilityServices,30
5,100,0.0015247220608753935,0.21834442054894287,"{0: 0.21827028101527274, 1: 0.2196055589214244}",ReceivePhysicalDisabilityServices,30
6,250,0.0014381610438799035,0.22514924517552834,"{0: 0.22507714636995968, 1: 0.22637567007748885}",ReceivePhysicalDisabilityServices,30
7,500,0.0014067188822174362,0.23511361568195013,"{0: 0.23503997618514502, 1: 0.23636624825938693}",ReceivePhysicalDisabilityServices,30
8,750,0.0014703890037351566,0.23559004126599778,"{0: 0.2355129040114819, 1: 0.23690217187705231}",ReceivePhysicalDisabilityServices,30
9,1000,0.0011850096576767662,0.24684916147138422,"{0: 0.24678405747080662, 1: 0.2479566023907693}",ReceivePhysicalDisabilityServices,30
10,2500,0.001032132881972039,0.2624474181029864,"{0: 0.26238714635672716, 1: 0.2634726607531784}",ReceivePhysicalDisabilityServices,30
11,5000,0.001037882221293225,0.26372418571175005,"{0: 0.26366328276083983, 1: 0.26476016536508856}",ReceivePhysicalDisabilityServices,30
12,7500,0.002212454761486786,0.26571263271165374,"{0: 0.26558155270301737, 1: 0.2679423476906031}",ReceivePhysicalDisabilityServices,30
13,10000,0.0017094729361627021,0.26571872374362165,"{0: 0.2656175321306436, 1: 0.26744002707239267}",ReceivePhysicalDisabilityServices,30
0,0,0.03053066074862118,0.21498977117138132,"{0: 0.21445552098299583, 1: 0.24234858325301042}",HasDevelopmentalDisability,30
1,10,0.02290422572099619,0.21501116868378892,"{0: 0.21461648279299267, 1: 0.235222929675762}",HasDevelopmentalDisability,30
2,25,0.007765044353987273,0.23152872523984347,"{0: 0.23138889777302668, 1: 0.23868925315664513}",HasDevelopmentalDisability,30
3,50,0.002811002850129488,0.23920547946298917,"{0: 0.2391536835688465, 1: 0.24185793362258753}",HasDevelopmentalDisability,30
4,75,5.442683876373059e-05,0.24540767641904504,"{0: 0.2454066529959845, 1: 0.24546008564566155}",HasDevelopmentalDisability,30
5,100,0.0003281302867468401,0.24969864793677057,"{0: 0.24969236669996675, 1: 0.25002030842672746}",HasDevelopmentalDisability,30
6,250,0.0010845633748208475,0.2707470396967335,"{0: 0.27072449553821754, 1: 0.2719015201438851}",HasDevelopmentalDisability,30
7,500,0.0016245782769431798,0.28152046923232005,"{0: 0.2814853198045568, 1: 0.28332046221287166}",HasDevelopmentalDisability,30
8,750,0.001494225533798718,0.28688281524155784,"{0: 0.2868498786151406, 1: 0.28856949124531633}",HasDevelopmentalDisability,30
9,1000,0.0021340110093502175,0.29132280883178546,"{0: 0.291274982632976, 1: 0.2937719759341141}",HasDevelopmentalDisability,30
10,2500,0.0019456369781917253,0.29126995276894907,"{0: 0.2912263720644879, 1: 0.29350170921875146}",HasDevelopmentalDisability,30
11,5000,0.0015488025816369877,0.2917421376607817,"{0: 0.29170741608922435, 1: 0.2935202202371997}",HasDevelopmentalDisability,30
12,7500,0.0008592391501191782,0.2906698520788239,"{0: 0.29065068566524405, 1: 0.2916513590933461}",HasDevelopmentalDisability,30
13,10000,0.008709205744244405,0.2986005476189575,"{0: 0.2983979127461508, 1: 0.3089774263301421}",HasDevelopmentalDisability,30
0,0,0.024039023264637728,0.21498977117138132,"{0: 0.21491190601273724, 1: 0.23662071224270811}",ReceiveDevelopmentalDisabilityServices,30
1,10,0.017451711092116483,0.21499185881994698,"{0: 0.2149360961169114, 1: 0.23048273772324301}",ReceiveDevelopmentalDisabilityServices,30
2,25,0.009472440166919328,0.23149916117071198,"{0: 0.23146709663555323, 1: 0.24040668903781054}",ReceiveDevelopmentalDisabilityServices,30
3,50,0.0011536342552868181,0.25051946799025865,"{0: 0.25051531201615385, 1: 0.25167399759657}",ReceiveDevelopmentalDisabilityServices,30
4,75,0.0033559903715687685,0.2535085929079577,"{0: 0.2534963048185121, 1: 0.25692222415592914}",ReceiveDevelopmentalDisabilityServices,30
5,100,0.002990659309056891,0.25351811183945044,"{0: 0.2535071690041558, 1: 0.2565580314842893}",ReceiveDevelopmentalDisabilityServices,30
6,250,0.0021240329030919073,0.25716245097824014,"{0: 0.25715458103557015, 1: 0.25934872105194917}",ReceiveDevelopmentalDisabilityServices,30
7,500,0.00046637651110593254,0.2662858333819835,"{0: 0.2662840499591478, 1: 0.2667812682457397}",ReceiveDevelopmentalDisabilityServices,30
8,750,0.001623052037931554,0.2768899246626421,"{0: 0.2768963516791872, 1: 0.2751044994664036}",ReceiveDevelopmentalDisabilityServices,30
9,1000,0.0015750337121080064,0.2748107040198307,"{0: 0.27481689464625314, 1: 0.27309094799966177}",ReceiveDevelopmentalDisabilityServices,30
10,2500,0.00044980764028726774,0.27734752914910565,"{0: 0.27734931740896807, 1: 0.27685075055932834}",ReceiveDevelopmentalDisabilityServices,30
11,5000,0.0025208980034314363,0.2773763590116694,"{0: 0.2773662764400615, 1: 0.2801772974043222}",ReceiveDevelopmentalDisabilityServices,30
12,7500,0.004890174252924816,0.28040940539751563,"{0: 0.2803895388764492, 1: 0.2859283249497578}",ReceiveDevelopmentalDisabilityServices,30
13,10000,0.004890174252924816,0.28040940539751563,"{0: 0.2803895388764492, 1: 0.2859283249497578}",ReceiveDevelopmentalDisabilityServices,30
0,0,0.02237821116466896,0.21498977117138132,"{0: 0.2197093501189116, 1: 0.20088504953849057}",HasChronicHealthCondition,30
1,10,0.009395661439924432,0.21524494777769984,"{0: 0.21725429453088307, 1: 0.2092399043336374}",HasChronicHealthCondition,30
2,25,0.002349542195529795,0.2156967489134896,"{0: 0.2162038037979033, 1: 0.21418138746350363}",HasChronicHealthCondition,30
3,50,0.000418395656852835,0.21743880119186834,"{0: 0.21734752661387496, 1: 0.21771158029548526}",HasChronicHealthCondition,30
4,75,0.001236884801607461,0.2181040821535193,"{0: 0.2178332043580225, 1: 0.218913615364954}",HasChronicHealthCondition,30
5,100,0.0012798765719374563,0.2216557539554971,"{0: 0.2213708843599235, 1: 0.22250710243211128}",HasChronicHealthCondition,30
6,250,0.0014444926869551585,0.2360698064274007,"{0: 0.23572733355597933, 1: 0.2370933054665985}",HasChronicHealthCondition,30
7,500,0.0012101716735659592,0.24572104100702047,"{0: 0.24542246279938393, 1: 0.24661335842583698}",HasChronicHealthCondition,30
8,750,0.0009649101883198543,0.2507248023383923,"{0: 0.25048194756663106, 1: 0.25145058719992197}",HasChronicHealthCondition,30
9,1000,0.0007758844393208507,0.2564121376275459,"{0: 0.2562124660981746, 1: 0.25700886699071696}",HasChronicHealthCondition,30
10,2500,0.00046124257908159935,0.2656304779938143,"{0: 0.2655075498059498, 1: 0.2659978556539701}",HasChronicHealthCondition,30
11,5000,0.0002079885658998882,0.27545081220540235,"{0: 0.27539334527580717, 1: 0.2756225552897005}",HasChronicHealthCondition,30
12,7500,0.000237366458230581,0.28332397616819427,"{0: 0.2832565156180284, 1: 0.2835255857380031}",HasChronicHealthCondition,30
13,10000,0.0005035537951475982,0.28366499428455183,"{0: 0.28352167186411753, 1: 0.28409332123203}",HasChronicHealthCondition,30
0,0,0.030614910197864508,0.21498977117138132,"{0: 0.2185685488377224, 1: 0.1933470318160872}",ReceiveChronicHealthServices,30
1,10,0.012148665736157808,0.2152334412254856,"{0: 0.2166921521292772, 1: 0.20641185384876412}",ReceiveChronicHealthServices,30
2,25,0.00452176924467369,0.21565163870288329,"{0: 0.21620153496516611, 1: 0.21232612854644872}",ReceiveChronicHealthServices,30
3,50,0.0013810933934288382,0.2166036456228692,"{0: 0.21677310046887774, 1: 0.21557886358649203}",ReceiveChronicHealthServices,30
4,75,0.000115009925284839,0.21717031106627677,"{0: 0.21718448491321155, 1: 0.21708459440447986}",ReceiveChronicHealthServices,30
5,100,0.0004929414220587484,0.21750762607930463,"{0: 0.21744672849417737, 1: 0.2178759056107975}",ReceiveChronicHealthServices,30
6,250,0.0013259567217282818,0.22433960272394102,"{0: 0.22417044787378665, 1: 0.22536257052856545}",ReceiveChronicHealthServices,30
7,500,0.0011383552828438765,0.23245000872456034,"{0: 0.23229957692836264, 1: 0.23335974843442714}",ReceiveChronicHealthServices,30
8,750,0.0009726277212615972,0.24208265814229987,"{0: 0.24194883250645577, 1: 0.2428919717196339}",ReceiveChronicHealthServices,30
9,1000,0.0007744964402995438,0.24359231115289445,"{0: 0.24348511268362708, 1: 0.24424059633458142}",ReceiveChronicHealthServices,30
10,2500,0.00013432183666734968,0.2584974391102847,"{0: 0.25847772805208696, 1: 0.25861664218316766}",ReceiveChronicHealthServices,30
11,5000,0.00013458572361993407,0.2616350837118508,"{0: 0.2616150941989415, 1: 0.2617559707459362}",ReceiveChronicHealthServices,30
12,7500,0.0003933577330861041,0.2660213839639345,"{0: 0.2660807424901054, 1: 0.26566241192649465}",ReceiveChronicHealthServices,30
13,10000,0.00022752523662928224,0.2666716313627143,"{0: 0.266637182771782, 1: 0.2668799600000919}",ReceiveChronicHealthServices,30
0,0,0.009531751582748898,0.21498977117138132,"{0: 0.21502497479955174, 1: 0.2069800800996252}",HasHIVAIDS,30
1,10,0.003229234558248661,0.2150049985013325,"{0: 0.21501707396270178, 1: 0.2122575341022508}",HasHIVAIDS,30
2,25,0.0040243412362516665,0.2222883103305478,"{0: 0.22227252632305453, 1: 0.2258795601665996}",HasHIVAIDS,30
3,50,0.0008323455854373627,0.22897098823266124,"{0: 0.22896764683301368, 1: 0.22973123881804708}",HasHIVAIDS,30
4,75,0.007789763287505348,0.22900865050700175,"{0: 0.22897693567501737, 1: 0.2362245546563698}",HasHIVAIDS,30
5,100,0.007445520802803057,0.22901204425149335,"{0: 0.22898175149885958, 1: 0.23590439037943903}",HasHIVAIDS,30
6,250,0.011178778024496351,0.23613149604618341,"{0: 0.23608424533569058, 1: 0.24688219458602276}",HasHIVAIDS,30
7,500,0.010493658213534499,0.2391104099512764,"{0: 0.23906555786375625, 1: 0.24931536278229827}",HasHIVAIDS,30
8,750,0.01307870949859468,0.24091037641921295,"{0: 0.24085375814686352, 1: 0.25379242563130994}",HasHIVAIDS,30
9,1000,0.01307870949859468,0.24091037641921295,"{0: 0.24085375814686352, 1: 0.25379242563130994}",HasHIVAIDS,30
10,2500,0.008996914172078008,0.25125077237606974,"{0: 0.25121048730086076, 1: 0.2604166176027132}",HasHIVAIDS,30
11,5000,0.013310133597510333,0.25093785393150225,"{0: 0.25087780719442915, 1: 0.2645999631747502}",HasHIVAIDS,30
12,7500,0.013310133597510333,0.25093785393150225,"{0: 0.25087780719442915, 1: 0.2645999631747502}",HasHIVAIDS,30
13,10000,0.013310133597510333,0.25093785393150225,"{0: 0.25087780719442915, 1: 0.2645999631747502}",HasHIVAIDS,30
0,0,0.006451455014048001,0.21498977117138132,"{0: 0.21378496645879583, 1: 0.21937397733847713}",HasMentalHealthProblem,30
1,10,0.00988541838027414,0.21505084239615044,"{0: 0.2131969263283661, 1: 0.22179712266277998}",HasMentalHealthProblem,30
2,25,0.009711888126001855,0.2158263945549683,"{0: 0.2139988188228353, 1: 0.22247682404943578}",HasMentalHealthProblem,30
3,50,0.00741521377858779,0.21974885037646136,"{0: 0.21833184510758952, 1: 0.22490524059779687}",HasMentalHealthProblem,30
4,75,0.00545435911327628,0.22685078899163982,"{0: 0.22577722194217495, 1: 0.23075742981889374}",HasMentalHealthProblem,30
5,100,0.004024589322687798,0.23422632224217346,"{0: 0.23340975467696812, 1: 0.23719775862337858}",HasMentalHealthProblem,30
6,250,0.002496124913444014,0.24438111160714046,"{0: 0.24385362581939898, 1: 0.2463005981592046}",HasMentalHealthProblem,30
7,500,0.0018074671436781866,0.2551477819334534,"{0: 0.2547493098396138, 1: 0.2565977960253455}",HasMentalHealthProblem,30
8,750,0.0012648341757171915,0.26981576243471034,"{0: 0.2695210706549168, 1: 0.27088812669828527}",HasMentalHealthProblem,30
9,1000,0.00101873606378717,0.27786346083531893,"{0: 0.27761909613165686, 1: 0.2787526881346683}",HasMentalHealthProblem,30
10,2500,0.0011599517775468834,0.28680171041127595,"{0: 0.28651447572132843, 1: 0.2878469388088056}",HasMentalHealthProblem,30
11,5000,0.0003902228335462234,0.29282855507939665,"{0: 0.2927299814714042, 1: 0.2931872580422574}",HasMentalHealthProblem,30
12,7500,0.0017226781748570614,0.295309460571521,"{0: 0.2948699440189603, 1: 0.2969088327852487}",HasMentalHealthProblem,30
13,10000,0.0018536249431388271,0.2959627526479057,"{0: 0.29548870992865983, 1: 0.2976877633417341}",HasMentalHealthProblem,30
0,0,0.005208045470971573,0.21498977117138132,"{0: 0.214597965010948, 1: 0.21911556457789655}",ReceiveMentalHealthServices,30
1,10,0.008767170017633715,0.2150152131946559,"{0: 0.21435163460149043, 1: 0.22200282201979235}",ReceiveMentalHealthServices,30
2,25,0.008097046506602793,0.21773329456781723,"{0: 0.21711338644414974, 1: 0.22426104504127545}",ReceiveMentalHealthServices,30
3,50,0.006997278079173791,0.2184373857858836,"{0: 0.2179009318613652, 1: 0.22408634766598598}",ReceiveMentalHealthServices,30
4,75,0.0053589458103949685,0.2255696576359624,"{0: 0.22514655275929035, 1: 0.23002503247873465}",ReceiveMentalHealthServices,30
5,100,0.004415769220834513,0.23125775464608558,"{0: 0.2309008863134008, 1: 0.23501564607984085}",ReceiveMentalHealthServices,30
6,250,0.001679702867887714,0.25209193633927907,"{0: 0.25194462963428443, 1: 0.25364310396648054}",ReceiveMentalHealthServices,30
7,500,0.0009142631718681354,0.26319681340652884,"{0: 0.26311320840856345, 1: 0.2640771899401088}",ReceiveMentalHealthServices,30
8,750,0.0010277545905088233,0.26056972929463623,"{0: 0.26047666665125024, 1: 0.26154969663371574}",ReceiveMentalHealthServices,30
9,1000,0.0005367481090476287,0.2712666625584759,"{0: 0.271216106177023, 1: 0.2717990308730147}",ReceiveMentalHealthServices,30
10,2500,0.000491661780880618,0.2841449897546477,"{0: 0.2840964851363762, 1: 0.28465575261255915}",ReceiveMentalHealthServices,30
11,5000,0.00046525814752306627,0.28753742700540397,"{0: 0.2874909812493299, 1: 0.2880265096526983}",ReceiveMentalHealthServices,30
12,7500,0.00069884877708212,0.29010261842174323,"{0: 0.29003220419927267, 1: 0.29084409357995067}",ReceiveMentalHealthServices,30
13,10000,0.0005678131687138481,0.2903945674363868,"{0: 0.2903373108693247, 1: 0.2909974899800325}",ReceiveMentalHealthServices,30
0,0,0.030748065266219173,0.21498977117138132,"{0: 0.21453798408512678, 3: 0.23600651662078098, 2: 0.20279820286977093, 1: 0.2226538381887117}",HasSubstanceAbuseProblem,30
1,10,0.017776093666945422,0.21518824043121607,"{0: 0.21388864857572337, 3: 0.23185311882205392, 2: 0.21338473927843646, 1: 0.22106928101378379}",HasSubstanceAbuseProblem,30
2,25,0.01300035363853154,0.21803916346882576,"{0: 0.21662123441842765, 3: 0.23073659864458054, 2: 0.2197015758879507, 1: 0.22367492876252595}",HasSubstanceAbuseProblem,30
3,50,0.010945022674004743,0.22146839205277677,"{0: 0.22000615112874927, 3: 0.2322386949890058, 2: 0.22452234795361986, 1: 0.2274096610973796}",HasSubstanceAbuseProblem,30
4,75,0.007556302810449241,0.22716519143701444,"{0: 0.22595290446387303, 3: 0.2346418440727102, 2: 0.2304725573887981, 1: 0.2323151689215071}",HasSubstanceAbuseProblem,30
5,100,0.005181056782523191,0.23602330944237154,"{0: 0.23508538766994985, 3: 0.24123284838240602, 2: 0.23884409931431747, 1: 0.24020088147450153}",HasSubstanceAbuseProblem,30
6,250,0.003574357150978475,0.25058764202190104,"{0: 0.2498935340540327, 3: 0.2539983343823009, 2: 0.2526858043680709, 1: 0.2542735484375849}",HasSubstanceAbuseProblem,30
7,500,0.003154409117157831,0.25618390584413053,"{0: 0.25576899273417397, 3: 0.25914573835334054, 2: 0.25652085373219563, 1: 0.25922888104426156}",HasSubstanceAbuseProblem,30
8,750,0.003517733010309209,0.26579270935302063,"{0: 0.26542648508744304, 3: 0.2680931048326576, 2: 0.2657676140165289, 1: 0.26966503960680926}",HasSubstanceAbuseProblem,30
9,1000,0.0015960950522590533,0.27159063410325646,"{0: 0.27140574896059677, 3: 0.27305915214161813, 2: 0.2715356916889109, 1: 0.27321591959136443}",HasSubstanceAbuseProblem,30
10,2500,0.003023763801431086,0.2784471498320453,"{0: 0.2779679324361553, 3: 0.28176884067359254, 2: 0.2791735988524867, 1: 0.28132012382991706}",HasSubstanceAbuseProblem,30
11,5000,0.003519208822932406,0.2816676232211879,"{0: 0.2811131269225125, 3: 0.28555335761575334, 2: 0.2824418064753332, 1: 0.2850869946201329}",HasSubstanceAbuseProblem,30
12,7500,0.003255155283852929,0.28010411298304555,"{0: 0.2796552253351809, 3: 0.283716526426295, 2: 0.2804309865798218, 1: 0.2829176830388011}",HasSubstanceAbuseProblem,30
13,10000,0.0031266823894903206,0.28022652873412746,"{0: 0.279724849267079, 3: 0.2836898485767283, 2: 0.28100472534053555, 1: 0.2832127176377141}",HasSubstanceAbuseProblem,30
0,0,0.022488451676745114,0.21498977117138132,"{0: 0.2167930506224404, 1: 0.19813104947339605}",ReceiveSubstanceAbuseServices,30
1,10,0.007828485355459927,0.21521415199037472,"{0: 0.2158572276890468, 1: 0.20920208645705757}",ReceiveSubstanceAbuseServices,30
2,25,0.0029211732865558277,0.2185056515678825,"{0: 0.2187512031113366, 1: 0.2162100089645287}",ReceiveSubstanceAbuseServices,30
3,50,0.0004552648081430131,0.21864995201229848,"{0: 0.21868839873989443, 1: 0.21829051649587972}",ReceiveSubstanceAbuseServices,30
4,75,0.0004065009202384339,0.2189788465481576,"{0: 0.2189444184168776, 1: 0.21930071251490516}",ReceiveSubstanceAbuseServices,30
5,100,0.0007847054842662588,0.219064392015482,"{0: 0.21899786569472524, 1: 0.21968634150122054}",ReceiveSubstanceAbuseServices,30
6,250,0.0009781228600861888,0.22281482179572346,"{0: 0.22273045175880987, 1: 0.22360359081937067}",ReceiveSubstanceAbuseServices,30
7,500,0.0009179075645446393,0.22828141250513656,"{0: 0.22820030183420084, 1: 0.22903970996548767}",ReceiveSubstanceAbuseServices,30
8,750,0.0008945192475329403,0.23421802074288628,"{0: 0.23413692424918517, 1: 0.2349761856613552}",ReceiveSubstanceAbuseServices,30
9,1000,0.0012973109636225733,0.23958214729432498,"{0: 0.23946176201914338, 1: 0.240707620026591}",ReceiveSubstanceAbuseServices,30
10,2500,8.646555801132902e-06,0.24619879934626648,"{0: 0.24619797653552725, 1: 0.2462064917409506}",ReceiveSubstanceAbuseServices,30
11,5000,3.065836023230561e-05,0.25819712014918555,"{0: 0.25820017960121044, 1: 0.25816851756614956}",ReceiveSubstanceAbuseServices,30
12,7500,0.0001771351260126177,0.25747448375288046,"{0: 0.2574921067428522, 1: 0.2573097277671973}",ReceiveSubstanceAbuseServices,30
13,10000,3.4675851905667865e-05,0.2592318997583851,"{0: 0.2592353739686384, 1: 0.2591994196323871}",ReceiveSubstanceAbuseServices,30
0,0,0.01538459893433097,0.21498977117138132,"{0: 0.21490950627159403, 1: 0.22855453923543717}",DomesticViolenceSurvivor,30
1,10,0.024457070330264938,0.21503424628556908,"{0: 0.2149042171379572, 1: 0.23700917223197487}",DomesticViolenceSurvivor,30
2,25,0.021183994821436136,0.215042918267991,"{0: 0.21493104677584418, 1: 0.2339492004408093}",DomesticViolenceSurvivor,30
3,50,0.016173192381879687,0.21507114813333839,"{0: 0.21498660111569579, 1: 0.22935959411493842}",DomesticViolenceSurvivor,30
4,75,0.011428326347777785,0.21995378099850182,"{0: 0.2198932681832656, 1: 0.23018044677342925}",DomesticViolenceSurvivor,30
5,100,0.009232378285946813,0.22475104674978919,"{0: 0.22470131607195645, 1: 0.23315553130351926}",DomesticViolenceSurvivor,30
6,250,0.010534133108366074,0.2355054790015074,"{0: 0.23544586496460532, 1: 0.24558025123796173}",DomesticViolenceSurvivor,30
7,500,0.0052641607607285465,0.24505314246419674,"{0: 0.2450224704172776, 1: 0.25023671839353384}",DomesticViolenceSurvivor,30
8,750,0.020207328165468528,0.2554254279480468,"{0: 0.2552989294549749, 1: 0.2768036732771926}",DomesticViolenceSurvivor,30
9,1000,0.003587000702328377,0.27704471264625335,"{0: 0.27702116311111075, 1: 0.28102458408536096}",DomesticViolenceSurvivor,30
10,2500,0.011325278614897951,0.28667011573822293,"{0: 0.2865919756096494, 1: 0.29987579746715654}",DomesticViolenceSurvivor,30
11,5000,0.011325278614897951,0.28667011573822293,"{0: 0.2865919756096494, 1: 0.29987579746715654}",DomesticViolenceSurvivor,30
12,7500,0.015697621321824142,0.2867357085517938,"{0: 0.28662640997056127, 1: 0.3052071687800969}",DomesticViolenceSurvivor,30
13,10000,0.015697621321824142,0.2867357085517938,"{0: 0.28662640997056127, 1: 0.3052071687800969}",DomesticViolenceSurvivor,30
0,0,0.08041008343181134,0.21498977117138132,"{3: 0.24235595489069509, 5: 0.16942015136032554, 1: 0.2610997051681319, 4: 0.2277250535502952}",proj_type_ent,30
1,10,0.05705671286936671,0.21643125125737225,"{3: 0.23608703503900247, 5: 0.1839204705531265, 1: 0.24899871351541952, 4: 0.22686084462731135}",proj_type_ent,30
2,25,0.04751291980206756,0.21850878738608318,"{3: 0.23488306197185913, 5: 0.19157851379923144, 1: 0.24560730702511563, 4: 0.22624363851962326}",proj_type_ent,30
3,50,0.03382704655608648,0.22511450848115036,"{3: 0.23670315635483086, 5: 0.20576676295980306, 1: 0.244840526795015, 4: 0.22982809530518353}",proj_type_ent,30
4,75,0.026361727142778162,0.22973089489191037,"{3: 0.23851691066426078, 5: 0.2147204957607079, 1: 0.2453594974202676, 4: 0.2322762222267241}",proj_type_ent,30
5,100,0.022376187019094183,0.2327096438959234,"{3: 0.24022231987290688, 5: 0.21990318564527614, 1: 0.2460914707892423, 4: 0.23458126566625312}",proj_type_ent,30
6,250,0.012019510475067972,0.24688689459966295,"{3: 0.25145179808725726, 5: 0.24012584349069568, 1: 0.25405683870188833, 4: 0.24558871347878658}",proj_type_ent,30
7,500,0.00798332587228633,0.25892790899263324,"{3: 0.2621041964811273, 5: 0.2549665301121084, 1: 0.26348522639280864, 4: 0.25484320994835125}",proj_type_ent,30
8,750,0.007334563333853857,0.27146027942546874,"{3: 0.27415657682364525, 5: 0.2686624014458634, 1: 0.27489540336583684, 4: 0.26612745305124524}",proj_type_ent,30
9,1000,0.007146646866508569,0.27370392405556504,"{3: 0.27603329147383343, 5: 0.27136413087302447, 1: 0.2767849580071008, 4: 0.2679347112862624}",proj_type_ent,30
10,2500,0.006402056411243949,0.29093225709611387,"{3: 0.29324840394014695, 5: 0.28923895146210515, 1: 0.29321208941787263, 4: 0.2846678011699518}",proj_type_ent,30
11,5000,0.006192846248384221,0.2960548022304156,"{3: 0.2987616191981737, 5: 0.2937430495311473, 1: 0.298805879541704, 4: 0.2907185699768167}",proj_type_ent,30
12,7500,0.0063332878947296575,0.29633688858187524,"{3: 0.29887992719258416, 5: 0.29436300900668905, 1: 0.29882435965244925, 4: 0.29038198842352797}",proj_type_ent,30
13,10000,0.006089825486282731,0.29753262183495455,"{3: 0.300152104009149, 5: 0.2954594795249954, 1: 0.3000299928215442, 4: 0.2920319755535971}",proj_type_ent,30
0,0,0.08553906968166966,0.21498977117138132,"{2: 0.2809534047436598, 3: 0.24190071501096913, 5: 0.16957624697988297, 1: 0.26115640989059224, 4: 0.2306619001997749}",proj_type_exit,30
1,10,0.07193929610320773,0.216655253954423,"{2: 0.2811036158025861, 3: 0.23576334288816833, 5: 0.18507496364505083, 1: 0.24822080865064916, 4: 0.2283285329816137}",proj_type_exit,30
2,25,0.060955021488662824,0.22001638796829437,"{2: 0.2774595686104434, 3: 0.23494235047429904, 5: 0.1954401500492174, 1: 0.2445926811896221, 4: 0.22864904760539362}",proj_type_exit,30
3,50,0.044056676021587936,0.23300612037149063,"{2: 0.2831592107496581, 3: 0.24028358878482653, 5: 0.22073467883518905, 1: 0.2456144714681231, 4: 0.23550703435649}",proj_type_exit,30
4,75,0.03403846716678663,0.24183129134921547,"{2: 0.2831592107496581, 3: 0.24701512491468183, 5: 0.23390309432843898, 1: 0.2500171456829304, 4: 0.24166873313485898}",proj_type_exit,30
5,100,0.026668535971683578,0.25387284151716094,"{2: 0.28806330220600757, 3: 0.2578768390237769, 5: 0.24846029234747335, 1: 0.25958684001483784, 4: 0.25173838077528954}",proj_type_exit,30
6,250,0.012204011743365894,0.28189033774573813,"{2: 0.2961104029705039, 3: 0.28448616202617405, 5: 0.2793865275408428, 1: 0.28492312947143017, 4: 0.2771846862550627}",proj_type_exit,30
7,500,0.008504681192361883,0.29515158611653153,"{2: 0.30331069969623015, 3: 0.29781191435662296, 5: 0.2930778812330614, 1: 0.29768267926503966, 4: 0.2899248353672082}",proj_type_exit,30
8,750,0.00951913060907479,0.30854262472046545,"{2: 0.31825290203741474, 3: 0.3136360319986211, 5: 0.3032781979057595, 1: 0.31355305718523735, 4: 0.3065728464102716}",proj_type_exit,30
9,1000,0.009152051361379736,0.3095045715964675,"{2: 0.31825290203741474, 3: 0.31489251691322395, 5: 0.3039071685425336, 1: 0.3147533865046507, 4: 0.3078977621486161}",proj_type_exit,30
10,2500,0.010822640846628777,0.30976565059302885,"{2: 0.32049651191756656, 3: 0.31606716856621303, 5: 0.30322250263029243, 1: 0.3158052286029508, 4: 0.30830155732450043}",proj_type_exit,30
11,5000,0.009098606939406973,0.31009603957792825,"{2: 0.3176103030339641, 3: 0.3162231854017955, 5: 0.30374638210181526, 1: 0.3160273658600229, 4: 0.308420339902911}",proj_type_exit,30
12,7500,0.008638031860694662,0.3105050407127099,"{2: 0.3176103030339641, 3: 0.3163969159764117, 5: 0.30436924202612586, 1: 0.3162054787735161, 4: 0.30911096515843883}",proj_type_exit,30
13,10000,0.013803560153207812,0.3143159454534043,"{2: 0.3292900402038949, 3: 0.32225418445976084, 5: 0.3058087075252903, 1: 0.32191340005964436, 4: 0.31422714224468973}",proj_type_exit,30
0,0,0.06195364131987368,0.21498977117138132,"{2: 0.23254709085035097, 1: 0.21351608843660347, 3: 0.23352693592960325, 4: 0.29357787415339787}",numProj_before_exit,30
1,10,0.04856340111242004,0.21502635605218698,"{2: 0.22548472577663195, 1: 0.2141110514731805, 3: 0.22897850667636618, 4: 0.27397784034720496}",numProj_before_exit,30
2,25,0.04244507701525908,0.22185754522376505,"{2: 0.22809050516018378, 1: 0.22127585487058635, 3: 0.23237716550740428, 4: 0.27393192558768564}",numProj_before_exit,30
3,50,0.04289240497855009,0.227259726034991,"{2: 0.23117487491587022, 1: 0.2268445741486817, 3: 0.2372037964110381, 4: 0.2806446976816031}",numProj_before_exit,30
4,75,0.03388816155281801,0.2399550227043699,"{2: 0.23966451535500416, 1: 0.23993402503089933, 3: 0.23952303086262308, 4: 0.28479434742038856}",numProj_before_exit,30
5,100,0.02987763023402678,0.2500579483333519,"{2: 0.24909072553382197, 1: 0.25011539492210444, 3: 0.24689623430221433, 4: 0.2877396777982738}",numProj_before_exit,30
6,250,0.02184434458983449,0.28463915313593174,"{2: 0.28164704682925923, 1: 0.2848866492826279, 3: 0.2774095411541224, 4: 0.30993736087131424}",numProj_before_exit,30
7,500,0.017576338253943245,0.2891055148250485,"{2: 0.28673350477074394, 1: 0.28930080814628356, 3: 0.283389023129957, 4: 0.30993736087131424}",numProj_before_exit,30
8,750,0.014454443712191836,0.29103853141258024,"{2: 0.28868603603765525, 1: 0.29121049225167145, 3: 0.2880774422260112, 4: 0.30993736087131424}",numProj_before_exit,30
9,1000,0.01994847081533337,0.2926526481903315,"{2: 0.2907587288101281, 1: 0.29278382000773384, 3: 0.28961737260346126, 4: 0.3206964885400091}",numProj_before_exit,30
10,2500,0.025151752499923095,0.29668619441903354,"{2: 0.29565370728888, 1: 0.29668447854889923, 3: 0.3007396983224205, 4: 0.3355032591546774}",numProj_before_exit,30
11,5000,0.017859632258786402,0.31436265630123045,"{2: 0.3132083944868372, 1: 0.31443474041169167, 3: 0.31216166350637636, 4: 0.342283037904695}",numProj_before_exit,30
12,7500,0.02397858402976694,0.3171032314767827,"{2: 0.31680934986302395, 1: 0.3170398913980989, 3: 0.32214179270692717, 4: 0.35708980851936334}",numProj_before_exit,30
13,10000,0.023957807746296633,0.31709441027485963,"{2: 0.3168489556416205, 1: 0.3170275819778948, 3: 0.32214179270692717, 4: 0.35708980851936334}",numProj_before_exit,30
0,0,0.06624582295758036,0.21498977117138132,"{0: 0.19771662399717121, 1: 0.2581098197856058}",reentered,30
1,10,0.0471076863364137,0.2155967808245152,"{0: 0.2034893507808207, 1: 0.24582132339408916}",reentered,30
2,25,0.03729580546807359,0.2165964943959875,"{0: 0.20704997216057053, 1: 0.2404280810047421}",reentered,30
3,50,0.030465441224442225,0.21800391709006156,"{0: 0.21020219261248532, 1: 0.23747985481900966}",reentered,30
4,75,0.02594220712734739,0.2196356621652775,"{0: 0.21296904415016754, 1: 0.2362779619155633}",reentered,30
5,100,0.02262428986576782,0.2213649802513971,"{0: 0.2155221927247447, 1: 0.23595069990345902}",reentered,30
6,250,0.009775186540524722,0.23137067643540718,"{0: 0.2287613651001378, 1: 0.23788446517880726}",reentered,30
7,500,0.004967759726450626,0.24284001954591578,"{0: 0.2414539822136941, 1: 0.24630007210864516}",reentered,30
8,750,0.003718372878931631,0.2472280105992012,"{0: 0.24617294728084282, 1: 0.2498618318200742}",reentered,30
9,1000,0.002767577789801929,0.25883330756346123,"{0: 0.2580118342088266, 1: 0.2608840033995981}",reentered,30
10,2500,0.0009733413323542705,0.2837082935897695,"{0: 0.2833921075961851, 1: 0.28449760866229173}",reentered,30
11,5000,0.002997629158378068,0.292427570180161,"{0: 0.29142213186198984, 1: 0.2949375093777425}",reentered,30
12,7500,0.001968884298805855,0.2947095351329058,"{0: 0.2940445830371752, 1: 0.29636949706137505}",reentered,30
13,10000,0.001109774624216582,0.2972837264865827,"{0: 0.2969059263426457, 1: 0.2982268528554327}",reentered,30
0,0,0.05118424286895862,0.21498977117138132,"{0: 0.20773307502162408, 1: 0.2551140325521235}",reenteredNotStable,30
1,10,0.0378736534538481,0.2152091674302572,"{0: 0.20993887824946536, 1: 0.24435004039477615}",reenteredNotStable,30
2,25,0.030724813063799292,0.21558773033677608,"{0: 0.21134908450216564, 1: 0.2390243645651492}",reenteredNotStable,30
3,50,0.026010070370999203,0.21606747973761495,"{0: 0.21249567581018994, 1: 0.2358169623433539}",reenteredNotStable,30
4,75,0.023666753409724905,0.21653449432089938,"{0: 0.21328840740981342, 1: 0.23448299829531158}",reenteredNotStable,30
5,100,0.022126954308569105,0.21802688974462434,"{0: 0.21497781652911796, 1: 0.2348860510135014}",reenteredNotStable,30
6,250,0.00877921198987054,0.2306478498540735,"{0: 0.2293920447254785, 1: 0.23759154050656223}",reenteredNotStable,30
7,500,0.0044540903231226805,0.24719588440464585,"{0: 0.24651716948235874, 1: 0.25094868518103913}",reenteredNotStable,30
8,750,0.002541936695940725,0.2558204230536935,"{0: 0.25542063543661575, 1: 0.25803095833219614}",reenteredNotStable,30
9,1000,0.001748035071039495,0.27137454937675803,"{0: 0.27108323033342835, 1: 0.27298533219011073}",reenteredNotStable,30
10,2500,0.0009419216133145419,0.2928704791999949,"{0: 0.29270125854825463, 1: 0.29380614655071813}",reenteredNotStable,30
11,5000,0.0011065292318605089,0.3014226870646056,"{0: 0.30121804205726443, 1: 0.3025542253838851}",reenteredNotStable,30
12,7500,0.0006412126973360166,0.30504236796447,"{0: 0.3049224335289436, 1: 0.30570551832109266}",reenteredNotStable,30
13,10000,0.0018060123424550763,0.3043939049079909,"{0: 0.30405627469445873, 1: 0.30626075487086973}",reenteredNotStable,30
0,0,0.06631193467072345,0.21498977117138132,"{0: 0.19770632509130057, 1: 0.25816585792852165}",reenteredFedDef,30
1,10,0.04717190191953876,0.2155967808245152,"{0: 0.20347789211065398, 1: 0.24587119416114975}",reenteredFedDef,30
2,25,0.03733599614628846,0.2166001982523739,"{0: 0.20704746824719303, 1: 0.2404640444761067}",reenteredFedDef,30
3,50,0.030517084410034204,0.2180067481262208,"{0: 0.21019512239069588, 1: 0.23752111053453978}",reenteredFedDef,30
4,75,0.025987092890958963,0.21964067581070412,"{0: 0.21296535656189639, 1: 0.2363164105966216}",reenteredFedDef,30
5,100,0.0226878424072833,0.2213649802513971,"{0: 0.2155083166076781, 1: 0.2359956167816912}",reenteredFedDef,30
6,250,0.009499809641041093,0.23144351161759247,"{0: 0.2289087699622883, 1: 0.23777559522576144}",reenteredFedDef,30
7,500,0.004969171329730444,0.24283749008218808,"{0: 0.2414517631633045, 1: 0.24629919936135644}",reenteredFedDef,30
8,750,0.0037242738400611528,0.24725104363790174,"{0: 0.24619473003404635, 1: 0.24988983960437106}",reenteredFedDef,30
9,1000,0.0027796708841856467,0.2584483138702683,"{0: 0.2576248816543889, 1: 0.2605053446630109}",reenteredFedDef,30
10,2500,0.0009717744210162855,0.28372021859669483,"{0: 0.28340468694641113, 1: 0.284508453873627}",reenteredFedDef,30
11,5000,0.002914077071009336,0.29528221490849016,"{0: 0.2942958236473836, 1: 0.29774633661597216}",reenteredFedDef,30
12,7500,0.0004545271048159577,0.2954046427787631,"{0: 0.29525104966071647, 1: 0.29578833650276665}",reenteredFedDef,30
13,10000,0.0009592693843215476,0.2990488062486395,"{0: 0.29872051055862564, 1: 0.29986892760223754}",reenteredFedDef,30
0,0,0.06001830754925629,0.21498977117138132,"{nan: 0.19771662399717121, 'Hotline': 0.26201516922983, 'Reentry': 0.2544785631145727}",reenterType,30
1,10,0.04200556905850173,0.2156659187874672,"{nan: 0.20377046963609471, 'Hotline': 0.2475389621082105, 'Reentry': 0.24333643630172774}",reenterType,30
2,25,0.03352285700352244,0.2168616092989919,"{nan: 0.20768158073548235, 'Hotline': 0.24224757554243365, 'Reentry': 0.23748231749790708}",reenterType,30
3,50,0.026931320291663886,0.21880890677972023,"{nan: 0.21157733082168637, 'Hotline': 0.23926822210717713, 'Reentry': 0.23462378130356656}",reenterType,30
4,75,0.022476869407240193,0.2217333233738,"{nan: 0.21585319819951462, 'Hotline': 0.23907848535636378, 'Reentry': 0.2339331441342827}",reenterType,30
5,100,0.017659818551929118,0.22518144071846793,"{nan: 0.2206453017292162, 'Hotline': 0.23902474134330423, 'Reentry': 0.234162665723169}",reenterType,30
6,250,0.007086892137446553,0.2428413353661349,"{nan: 0.24082151081027858, 'Hotline': 0.24705808668273302, 'Reentry': 0.2486510810221141}",reenterType,30
7,500,0.0045189044787110515,0.26102076018959586,"{nan: 0.2599340559194485, 'Hotline': 0.2620805676178603, 'Reentry': 0.2652705557031876}",reenterType,30
8,750,0.0027516355754548956,0.2667479702429385,"{nan: 0.2659719225200689, 'Hotline': 0.2680375840342458, 'Reentry': 0.2692874934242648}",reenterType,30
9,1000,0.001642317554069389,0.2844972535077135,"{nan: 0.2839836584967037, 'Hotline': 0.2854439995494723, 'Reentry': 0.28609120897642687}",reenterType,30
10,2500,0.0008164307183041273,0.3029499973377782,"{nan: 0.30268098191477355, 'Hotline': 0.30343469983094246, 'Reentry': 0.3037953008304197}",reenterType,30
11,5000,0.0015220023903413013,0.31154234398421904,"{nan: 0.31101687276722545, 'Hotline': 0.312530115054435, 'Reentry': 0.31315536760321794}",reenterType,30
12,7500,0.0005949729847387771,0.31483435847408303,"{nan: 0.3146881475965885, 'Hotline': 0.3148420542150057, 'Reentry': 0.3155315769374858}",reenterType,30
13,10000,0.001482248044578928,0.3151364848320497,"{nan: 0.31476872743115736, 'Hotline': 0.315173387310913, 'Reentry': 0.3168738516031944}",reenterType,30
0,0,0.14650145463476205,0.21498977117138132,"{-3: 0.19771662399717121, -1: 0.26202485591898134, -2: 0.2544785631145727, 1: 0.3328695032278344, 2: 0.1464538200258235}",HousingStatusNextCall,30
1,10,0.08163921277494157,0.21567336646071616,"{-3: 0.20371290735531067, -1: 0.24798819395858268, -2: 0.2432220278646768, 1: 0.29777842757391065, 2: 0.1983685395937015}",HousingStatusNextCall,30
2,25,0.10771645221895398,0.21869613002593566,"{-3: 0.2106773753763878, -1: 0.2408703421021194, -2: 0.23659179412657452, 1: 0.349725409334607, 2: 0.1983685395937015}",HousingStatusNextCall,30
3,50,0.09860887452182333,0.23485437784361185,"{-3: 0.23248793541343715, -1: 0.24088454442225785, -2: 0.24053093201828266, 1: 0.349725409334607, 2: 0.1983685395937015}",HousingStatusNextCall,30
4,75,0.09492637696784273,0.24668218488396085,"{-3: 0.24556653337717452, -1: 0.24924257084446494, -2: 0.24957951187522254, 1: 0.349725409334607, 2: 0.1983685395937015}",HousingStatusNextCall,30
5,100,0.09326364793435901,0.254528677935633,"{-3: 0.25348602345055166, -1: 0.25660093771149534, -2: 0.257546016000468, 1: 0.349725409334607, 2: 0.1983685395937015}",HousingStatusNextCall,30
6,250,0.09659715011471977,0.264271332199656,"{-3: 0.2633103205597924, -1: 0.2662062200849948, -2: 0.26705422089020214, 1: 0.349725409334607, 2: 0.190218030789646}",HousingStatusNextCall,30
7,500,0.058996931001441225,0.29452219914244254,"{-3: 0.29372946694260404, -1: 0.296622480669185, -2: 0.29636396750969696, 1: 0.349725409334607, 2: 0.24213275035752402}",HousingStatusNextCall,30
8,750,0.05907418539323695,0.2960467998488703,"{-3: 0.2949510541532087, -1: 0.2989854893513135, -2: 0.2985744959247481, 1: 0.349725409334607, 2: 0.24213275035752402}",HousingStatusNextCall,30
9,1000,0.05925350801061827,0.2964501556650514,"{-3: 0.29500932326422, -1: 0.30009131031304476, -2: 0.29998982731535445, 1: 0.349725409334607, 2: 0.24213275035752402}",HousingStatusNextCall,30
10,2500,0.05922807279038073,0.29754340987180633,"{-3: 0.2959897766857683, -1: 0.3015307216482809, -2: 0.3013081228715891, 1: 0.349725409334607, 2: 0.24213275035752402}",HousingStatusNextCall,30
11,5000,0.05925616517924238,0.29781859839892233,"{-3: 0.29616933856861605, -1: 0.30199347119493863, -2: 0.30187071750693173, 1: 0.349725409334607, 2: 0.24213275035752402}",HousingStatusNextCall,30
12,7500,0.059301429197243447,0.2978283911176398,"{-3: 0.2961544780617752, -1: 0.3021675128637726, -2: 0.30184697756792994, 1: 0.349725409334607, 2: 0.24213275035752402}",HousingStatusNextCall,30
13,10000,0.05932156093559344,0.2979472825426797,"{-3: 0.29623237157399296, -1: 0.30239784906894873, -2: 0.302060311628354, 1: 0.349725409334607, 2: 0.24213275035752402}",HousingStatusNextCall,30
0,0,0.04924390552417625,0.21498977117138132,"{0: 0.21754466989447416, 1: 0.1785355919099027}",SpousePresent,30
1,10,0.02568477861851438,0.21511206453358853,"{0: 0.21649767662404318, 1: 0.19534167165039862}",SpousePresent,30
2,25,0.015687175734266843,0.2152645348527572,"{0: 0.21612573264596854, 1: 0.2029766666685685}",SpousePresent,30
3,50,0.010280559242416474,0.2174132930021935,"{0: 0.21798857322712417, 1: 0.20920499564165457}",SpousePresent,30
4,75,0.008581349162408219,0.2180302150281765,"{0: 0.21851317459083525, 1: 0.21113918083019725}",SpousePresent,30
5,100,0.007027116213717245,0.21844574461205504,"{0: 0.21884304290017512, 1: 0.21277695512756445}",SpousePresent,30
6,250,0.00418838000475399,0.21868872505066597,"{0: 0.2189269517727026, 1: 0.21528962372758628}",SpousePresent,30
7,500,0.002556381227929668,0.21900915529747397,"{0: 0.21915518142570817, 1: 0.21692560395847427}",SpousePresent,30
8,750,0.0018221532567318278,0.2206330017414852,"{0: 0.220737992279089, 1: 0.21913496041249855}",SpousePresent,30
9,1000,0.0013365242132890955,0.22405667891325787,"{0: 0.22413494886484892, 1: 0.2229398961538091}",SpousePresent,30
10,2500,0.0014856249983543472,0.2441691872171865,"{0: 0.24426397407531691, 1: 0.2428167355185393}",SpousePresent,30
11,5000,0.0010043471883214453,0.24876088068507182,"{0: 0.24882622029175958, 1: 0.2478285925620475}",SpousePresent,30
12,7500,0.0013976673864517731,0.24824111295399867,"{0: 0.2483317888464204, 1: 0.24694731793693628}",SpousePresent,30
13,10000,0.0013596048438470221,0.25081625049402667,"{0: 0.2509053779136702, 1: 0.24954454962250802}",SpousePresent,30
0,0,0.10060171706437473,0.21498977117138132,"{0: 0.22506824188674435, 1: 0.19931762056386326, 2: 0.202745989304329, 3: 0.20493600040208643, 4: 0.1950118717023591, 5: 0.20306543843044622, 6: 0.1864496631901305, 7: 0.211312993268768, 8: 0.2389351361506045, 9: 0.135650300772434, 11: 0.097695813024681}",Children,30
1,10,0.08834188873774441,0.21515288846779934,"{0: 0.22171318085449443, 1: 0.20637964127789152, 2: 0.2071914317441152, 3: 0.20628801676316363, 4: 0.20007038267094174, 5: 0.20425533353202885, 6: 0.19226919303216475, 7: 0.2163043179901504, 8: 0.23409335671320852, 9: 0.2650212751883645, 11: 0.097695813024681}",Children,30
2,25,0.07430763726421594,0.2154335053521233,"{0: 0.22026382734279762, 1: 0.2093905254293867, 2: 0.2093290751869552, 3: 0.2086211972701855, 4: 0.20343099568342887, 5: 0.2067222610803326, 6: 0.2015066917136146, 7: 0.21400568891386393, 8: 0.23409335671320852, 9: 0.24214221458915675, 11: 0.097695813024681}",Children,30
3,50,0.09011364996738265,0.21717480860584407,"{0: 0.2210456561836771, 1: 0.21247687160090928, 2: 0.212349398253064, 3: 0.2112370556689408, 4: 0.20763983388608878, 5: 0.2115569867315902, 6: 0.20322117872628148, 7: 0.21400568891386393, 8: 0.23409335671320852, 9: 0.24214221458915675, 11: 0.0555865533156252}",Children,30
4,75,0.08669000345811173,0.2208308310147736,"{0: 0.22428662617890213, 1: 0.21672881751639242, 2: 0.21663598152798186, 3: 0.21533421055061616, 4: 0.2121938887578163, 5: 0.21436771377228586, 6: 0.20934717739749745, 7: 0.21816043834522147, 8: 0.23409335671320852, 9: 0.24214221458915675, 11: 0.0555865533156252}",Children,30
5,100,0.08895978232798751,0.22287659747806093,"{0: 0.22608050684388326, 1: 0.21912513719074647, 2: 0.21894179341493572, 3: 0.2177843109190765, 4: 0.21491282993075783, 5: 0.21692775643623396, 6: 0.21063190312420238, 7: 0.21816043834522147, 8: 0.24632614854748766, 9: 0.24214221458915675, 11: 0.0555865533156252}",Children,30
6,250,0.08503387180737072,0.22975387829497618,"{0: 0.232773801267885, 1: 0.22623149535132242, 2: 0.22595241610945746, 3: 0.22514325605773086, 4: 0.22149646305765233, 5: 0.22521639117826858, 6: 0.21875094302544165, 7: 0.23388382212423986, 8: 0.24632614854748766, 9: 0.24214221458915675, 11: 0.0555865533156252}",Children,30
7,500,0.08255210652710786,0.2321090252475875,"{0: 0.23506116280632042, 1: 0.22857764659684082, 2: 0.22857693860156045, 3: 0.22762854116130216, 4: 0.22389693662795526, 5: 0.2279685932277526, 6: 0.2215450077469555, 7: 0.22994422925458127, 8: 0.24632614854748766, 9: 0.24214221458915675, 11: 0.0555865533156252}",Children,30
8,750,0.08215745493771663,0.23301903236995264,"{0: 0.2359804148334577, 1: 0.22963285599550612, 2: 0.22933890059888054, 3: 0.2284551641848839, 4: 0.22465211133411725, 5: 0.22870030274550748, 6: 0.22233339293055143, 7: 0.2309072391743621, 8: 0.24632614854748766, 9: 0.24214221458915675, 11: 0.0555865533156252}",Children,30
9,1000,0.08219624605828509,0.23304442894492153,"{0: 0.23595874748140522, 1: 0.22970674821787915, 2: 0.22950408502331962, 3: 0.22855380913108814, 4: 0.22463629419163594, 5: 0.22858651110181696, 6: 0.22219459211280823, 7: 0.2309072391743621, 8: 0.24632614854748766, 9: 0.24214221458915675, 11: 0.0555865533156252}",Children,30
10,2500,0.08147391390457771,0.2334767885834574,"{0: 0.23631613793736167, 1: 0.23025231203515167, 2: 0.22993445784282057, 3: 0.2290511038149133, 4: 0.22559623733342446, 5: 0.22909240593948027, 6: 0.22336186549033415, 7: 0.2309072391743621, 8: 0.24632614854748766, 9: 0.24214221458915675, 11: 0.0555865533156252}",Children,30
11,5000,0.08102807721930103,0.23467005787564893,"{0: 0.2375854742343006, 1: 0.2313866714584876, 2: 0.23104950101007582, 3: 0.23018506093547034, 4: 0.2262475572421758, 5: 0.2303374984203374, 6: 0.22403914359538105, 7: 0.2309072391743621, 8: 0.24632614854748766, 9: 0.24214221458915675, 11: 0.0555865533156252}",Children,30
12,7500,0.08129919074125722,0.23403204528447036,"{0: 0.23688768278855105, 1: 0.23081177861869007, 2: 0.2304746579995115, 3: 0.2296719577501573, 4: 0.22583954703665068, 5: 0.22954485501531563, 6: 0.22357028553908345, 7: 0.2309072391743621, 8: 0.24632614854748766, 9: 0.24214221458915675, 11: 0.0555865533156252}",Children,30
13,10000,0.08142448879292759,0.23371275579699122,"{0: 0.2365392176639059, 1: 0.23054590390943552, 2: 0.2301870910828535, 3: 0.22930740615430428, 4: 0.22561722005557233, 5: 0.2294827571514408, 6: 0.22336186549033415, 7: 0.2309072391743621, 8: 0.24632614854748766, 9: 0.24214221458915675, 11: 0.0555865533156252}",Children,30
0,0,0.050478088967168995,0.21498977117138132,"{0: 0.21492356954302988, 1: 0.21076773637901844, 2: 0.2383985192917143, 3: 0.26349922074918886, 6: 0.259231710081987}",Children0_2,30
1,10,0.03605405021650133,0.2150424427764591,"{0: 0.21494804393745073, 1: 0.21373208372392163, 2: 0.22561407008200526, 3: 0.2267254945203403, 6: 0.259231710081987}",Children0_2,30
2,25,0.03283260177182762,0.21672508511475075,"{0: 0.21665343428861164, 1: 0.2161899329336414, 2: 0.22219891521199372, 3: 0.22400122205915923, 6: 0.259231710081987}",Children0_2,30
3,50,0.026966303612756898,0.22175448022745686,"{0: 0.22171568430730104, 1: 0.2215992455993306, 2: 0.2240169558563886, 3: 0.22400122205915923, 6: 0.259231710081987}",Children0_2,30
4,75,0.025155431800027,0.22468708422165382,"{0: 0.22466222995841276, 1: 0.22461989851659325, 2: 0.22609788177659226, 3: 0.22355303361068626, 6: 0.259231710081987}",Children0_2,30
5,100,0.02007236375996412,0.23282524082746808,"{0: 0.23279608444731453, 1: 0.23287798241039137, 2: 0.23315998629051385, 3: 0.2401334576890382, 6: 0.259231710081987}",Children0_2,30
6,250,0.012269985129665347,0.2478027279883533,"{0: 0.24781865680545964, 1: 0.2477060750756889, 2: 0.24816044053070613, 3: 0.2403897011926847, 6: 0.259231710081987}",Children0_2,30
7,500,0.017331059829101013,0.2890938911479942,"{0: 0.28922775855219346, 1: 0.288103156974274, 2: 0.2892042869686451, 3: 0.2879436289676988, 6: 0.259231710081987}",Children0_2,30
8,750,0.02162376239774971,0.2954386804843179,"{0: 0.2956257379714532, 1: 0.29411342368816107, 2: 0.2954604576088622, 3: 0.2906679014288799, 6: 0.259231710081987}",Children0_2,30
9,1000,0.012245480902096918,0.27755679205002043,"{0: 0.2776424810434413, 1: 0.2769633467187783, 2: 0.2776803786296349, 3: 0.2727737978084063, 6: 0.259231710081987}",Children0_2,30
10,2500,0.02097635438429351,0.2937717362296583,"{0: 0.2938196033754136, 1: 0.29303290329600923, 2: 0.2959918742408726, 3: 0.29486715170043887, 6: 0.259231710081987}",Children0_2,30
11,5000,0.021594122529852922,0.2955492596930992,"{0: 0.295642983459289, 1: 0.2945827916181249, 2: 0.2971002387280815, 3: 0.29676389399213066, 6: 0.259231710081987}",Children0_2,30
12,7500,0.018956041234792206,0.29098287617569063,"{0: 0.2910432948043665, 1: 0.29031698371360076, 2: 0.292257055403806, 3: 0.2917795909406423, 6: 0.259231710081987}",Children0_2,30
13,10000,0.02216389288206967,0.29565352310489174,"{0: 0.295704791453577, 1: 0.29492123803751347, 2: 0.2976122596374339, 3: 0.29793083588285607, 6: 0.259231710081987}",Children0_2,30
0,0,0.07167726615503058,0.21498977117138132,"{0: 0.21598009873919355, 1: 0.20635245567534796, 2: 0.21422620693008937, 3: 0.1984529312314734, 4: 0.136796081037467}",Children3_5,30
1,10,0.06531353546657213,0.2150131725696068,"{0: 0.21566991738454333, 1: 0.20955295893426762, 2: 0.21267091648045475, 3: 0.21050028064615747, 4: 0.136796081037467}",Children3_5,30
2,25,0.06466112823008152,0.21505942226719574,"{0: 0.21552351276432005, 1: 0.2113998310465082, 2: 0.21256135966581213, 3: 0.21050028064615747, 4: 0.136796081037467}",Children3_5,30
3,50,0.11337716272620646,0.21523642806982593,"{0: 0.21559428303390546, 1: 0.2124888783301608, 2: 0.21307049205411863, 3: 0.21330307688217665, 4: 0.0831258205181594}",Children3_5,30
4,75,0.11536630568638025,0.21864871309087708,"{0: 0.21899457574343806, 1: 0.21608886545090075, 2: 0.21628275562703742, 3: 0.2143571952910433, 4: 0.0831258205181594}",Children3_5,30
5,100,0.11580520027250858,0.22217883351323195,"{0: 0.22252197105413055, 1: 0.21967688126534748, 2: 0.21953554035790412, 3: 0.21932502175436547, 4: 0.0831258205181594}",Children3_5,30
6,250,0.11872364841574644,0.22938938844762505,"{0: 0.22972774542906776, 1: 0.2270228946891272, 2: 0.22635468977592826, 3: 0.2257867757819415, 4: 0.0831258205181594}",Children3_5,30
7,500,0.1241724925297742,0.24049994568279187,"{0: 0.241042089816736, 1: 0.23646888931551766, 2: 0.2367536462586608, 3: 0.23278694798628102, 4: 0.0831258205181594}",Children3_5,30
8,750,0.1238009023071828,0.24007143781011756,"{0: 0.24059551370707474, 1: 0.2362581111739449, 2: 0.2360162523998956, 3: 0.23278694798628102, 4: 0.0831258205181594}",Children3_5,30
9,1000,0.12481388644074691,0.2439574183338708,"{0: 0.24451737138803736, 1: 0.23968980014826857, 2: 0.24052845394083833, 3: 0.23721227411915646, 4: 0.0831258205181594}",Children3_5,30
10,2500,0.12559077420258888,0.24497821234134445,"{0: 0.24553667500863224, 1: 0.2407560883429186, 2: 0.24147008838078834, 3: 0.23721227411915646, 4: 0.0831258205181594}",Children3_5,30
11,5000,0.1255626196855996,0.2451153177309111,"{0: 0.24568317214972174, 1: 0.2409106744320392, 2: 0.2410732703907636, 3: 0.23721227411915646, 4: 0.0831258205181594}",Children3_5,30
12,7500,0.1258322944751979,0.24538087187201837,"{0: 0.24593027497417633, 1: 0.24128727987460008, 2: 0.24166933245206285, 3: 0.23721227411915646, 4: 0.0831258205181594}",Children3_5,30
13,10000,0.12583399921406402,0.24538341198720862,"{0: 0.24593306741076923, 1: 0.24128802618485684, 2: 0.24166933245206285, 3: 0.23721227411915646, 4: 0.0831258205181594}",Children3_5,30
0,0,0.07407416534560449,0.21498977117138132,"{0: 0.216302961331157, 1: 0.2078321064229078, 2: 0.2080625146839423, 4: 0.21111225595839692, 3: 0.19906560358124303, 6: 0.120233858171733}",Children6_10,30
1,10,0.07509249553169424,0.21500510880339677,"{0: 0.21605537650413587, 1: 0.2090362062894606, 2: 0.2109325056024426, 4: 0.19951364749393105, 3: 0.20114558409112165, 6: 0.120233858171733}",Children6_10,30
2,25,0.07493682721617499,0.21512210479899996,"{0: 0.2159687505644997, 1: 0.21022740803065995, 2: 0.212194179336243, 4: 0.19951364749393105, 3: 0.20429106146368095, 6: 0.120233858171733}",Children6_10,30
3,50,0.07404662248154553,0.2212480850941887,"{0: 0.22198391404233864, 1: 0.21702444535285165, 2: 0.21850280321811721, 4: 0.21195931441212176, 3: 0.2118347801130055, 6: 0.120233858171733}",Children6_10,30
4,75,0.07574710988030245,0.2255755517414646,"{0: 0.22625151162154147, 1: 0.22174722850026654, 2: 0.2230705584575648, 4: 0.21627992520612793, 3: 0.21619393728143718, 6: 0.120233858171733}",Children6_10,30
5,100,0.076003937524144,0.2268452979075471,"{0: 0.22744850548742884, 1: 0.2233196401998572, 2: 0.22458569808230283, 4: 0.21657111250661604, 3: 0.2210598071075232, 6: 0.120233858171733}",Children6_10,30
6,250,0.11443371394692703,0.22880569077229077,"{0: 0.22939807964322093, 1: 0.22530064451442547, 2: 0.22648849482380914, 4: 0.2323267184244706, 3: 0.2226402426654419, 6: 0.0708698935865808}",Children6_10,30
7,500,0.07608672036497553,0.23131438047660954,"{0: 0.23179055295138415, 1: 0.2286218453331977, 2: 0.22938149272252084, 4: 0.23130839143572363, 3: 0.22481487529086513, 6: 0.120233858171733}",Children6_10,30
8,750,0.11646505882377621,0.2326387231495266,"{0: 0.2332776475254021, 1: 0.22903464008375865, 2: 0.2299896069741993, 4: 0.21980531044345641, 3: 0.2264737288088869, 6: 0.0708698935865808}",Children6_10,30
9,1000,0.07646500644893482,0.23155218058407626,"{0: 0.23198799668296424, 1: 0.22902865073218565, 2: 0.22957634337479904, 4: 0.23414434300162543, 3: 0.22743263524129143, 6: 0.120233858171733}",Children6_10,30
10,2500,0.11442617481937258,0.23584445285684338,"{0: 0.23647169651736977, 1: 0.2322955676224871, 2: 0.23301413179044192, 4: 0.2279020977310368, 3: 0.23047171981069448, 6: 0.0708698935865808}",Children6_10,30
11,5000,0.11432693181987887,0.23270569283059123,"{0: 0.2333356392821594, 1: 0.22924393834646362, 2: 0.23004482513801516, 4: 0.2264423892462616, 3: 0.22414943532358236, 6: 0.0708698935865808}",Children6_10,30
12,7500,0.11444178138447023,0.23279561521391895,"{0: 0.23340829020138448, 1: 0.22936952418680684, 2: 0.23029128180551875, 4: 0.2245998139257776, 3: 0.2255090894363564, 6: 0.0708698935865808}",Children6_10,30
13,10000,0.11445040679768649,0.2328085607925573,"{0: 0.23342200836843424, 1: 0.2293812046225333, 2: 0.23029128180551875, 4: 0.2245998139257776, 3: 0.2255090894363564, 6: 0.0708698935865808}",Children6_10,30
0,0,0.1284678176904347,0.21498977117138132,"{0: 0.21660633399489906, 1: 0.20191149932220515, 2: 0.21023802645700168, 3: 0.179901285339212, 4: 0.0878149391902073}",Children11_14,30
1,10,0.11760227672421765,0.21501318453052445,"{0: 0.21626850357390298, 1: 0.2050233711937605, 2: 0.20967625407263918, 3: 0.1972611645199682, 4: 0.0878149391902073}",Children11_14,30
2,25,0.06254245173926601,0.21513089275610064,"{0: 0.21592100205587086, 1: 0.20866509955388635, 2: 0.21038687282437143, 3: 0.21299260793676525, 4: 0.2952743177909835}",Children11_14,30
3,50,0.06060744784496978,0.2154995514804055,"{0: 0.21576284668975068, 1: 0.21354103803919727, 2: 0.21186857207819693, 3: 0.22230148309805106, 4: 0.2952743177909835}",Children11_14,30
4,75,0.044953742879927705,0.23093802046321393,"{0: 0.23118472470260992, 1: 0.22908617361469383, 2: 0.22833378537513144, 3: 0.23183200926690767, 4: 0.2952743177909835}",Children11_14,30
5,100,0.04188951509080106,0.2374456825741679,"{0: 0.23759437131614888, 1: 0.23669620506243022, 2: 0.2349989332197633, 3: 0.23183200926690767, 4: 0.2952743177909835}",Children11_14,30
6,250,0.02966037080108664,0.2569041200423786,"{0: 0.2577277955071501, 1: 0.2501631093733031, 2: 0.252688074516488, 3: 0.2510426652328993, 4: 0.2952743177909835}",Children11_14,30
7,500,0.026216434346482055,0.26311505620759834,"{0: 0.2640582056079264, 1: 0.25544134321759315, 2: 0.258155875119789, 3: 0.2565862340267313, 4: 0.2952743177909835}",Children11_14,30
8,750,0.02784910314766497,0.26316907628037595,"{0: 0.26417933589436277, 1: 0.2551843074560398, 2: 0.25721845646419345, 3: 0.2536298280403878, 4: 0.2952743177909835}",Children11_14,30
9,1000,0.024548617322153774,0.26692798345008195,"{0: 0.2679175600250391, 1: 0.2590395973285616, 2: 0.2612788134850234, 3: 0.25853170497514305, 4: 0.2952743177909835}",Children11_14,30
10,2500,0.024841674642020313,0.2675629853431696,"{0: 0.26854998732950913, 1: 0.25971541625161765, 2: 0.2619961621555175, 3: 0.2579728449407713, 4: 0.2952743177909835}",Children11_14,30
11,5000,0.024850699815894713,0.26778717381499684,"{0: 0.26878308412649576, 1: 0.25988534444795697, 2: 0.26212197701298356, 3: 0.2579728449407713, 4: 0.2952743177909835}",Children11_14,30
12,7500,0.02653996236907508,0.2652472603440363,"{0: 0.26642135119623317, 1: 0.25579062963392496, 2: 0.2587670196305561, 3: 0.25693200662713206, 4: 0.2952743177909835}",Children11_14,30
13,10000,0.02658522820803227,0.2652260348172002,"{0: 0.2664219608720085, 1: 0.2557426577014064, 2: 0.25799714850787947, 3: 0.25693200662713206, 4: 0.2952743177909835}",Children11_14,30
0,0,0.1298194622347886,0.21498977117138132,"{0: 0.21790154542429244, 1: 0.18614055958608042, 2: 0.1684520388550692, 3: 0.1340365579158195, 4: 0.111248909547784}",Children15_17,30
1,10,0.13097689427216355,0.21503874792362349,"{0: 0.21709959830818157, 1: 0.19564200145911836, 2: 0.17664479633054547, 3: 0.1340365579158195, 4: 0.111248909547784}",Children15_17,30
2,25,0.13049406202353792,0.21511523520569809,"{0: 0.21674766813512655, 1: 0.19957362254211752, 2: 0.1860473879952516, 3: 0.1340365579158195, 4: 0.111248909547784}",Children15_17,30
3,50,0.13082852609532825,0.21514434179675435,"{0: 0.2166344543651761, 1: 0.2012889557623439, 2: 0.1868304701845341, 3: 0.1340365579158195, 4: 0.111248909547784}",Children15_17,30
4,75,0.13088691131942778,0.2151875811207256,"{0: 0.21660799716521853, 1: 0.20204830689433334, 2: 0.18787731841822508, 3: 0.1340365579158195, 4: 0.111248909547784}",Children15_17,30
5,100,0.1309541266911272,0.2151905450444099,"{0: 0.21659131065025736, 1: 0.20230261066745664, 2: 0.18787731841822508, 3: 0.1340365579158195, 4: 0.111248909547784}",Children15_17,30
6,250,0.1311638453695863,0.21559690046987665,"{0: 0.2169028702724795, 1: 0.20351972749841235, 2: 0.19059830559745491, 3: 0.1340365579158195, 4: 0.111248909547784}",Children15_17,30
7,500,0.1310651775366729,0.21557996850486533,"{0: 0.21685437167744562, 1: 0.20375168945393657, 2: 0.19147138374329845, 3: 0.1340365579158195, 4: 0.111248909547784}",Children15_17,30
8,750,0.13105818654128976,0.21558440482624747,"{0: 0.21684042948858653, 1: 0.20393190930474087, 2: 0.19181578008930744, 3: 0.1340365579158195, 4: 0.111248909547784}",Children15_17,30
9,1000,0.13120229680907491,0.2157289761869645,"{0: 0.2169822665022709, 1: 0.20411120987863948, 2: 0.19196385264323873, 3: 0.1340365579158195, 4: 0.111248909547784}",Children15_17,30
10,2500,0.13119926870412182,0.2157513662090142,"{0: 0.21699142471467667, 1: 0.20424685079500576, 2: 0.19230824898924773, 3: 0.1340365579158195, 4: 0.111248909547784}",Children15_17,30
11,5000,0.13120020249061237,0.21577750423018657,"{0: 0.2170123635896659, 1: 0.20430568860867698, 2: 0.19252941893785283, 3: 0.1340365579158195, 4: 0.111248909547784}",Children15_17,30
12,7500,0.13121003126594133,0.2158120422622642,"{0: 0.2170469929559745, 1: 0.2043204911429067, 2: 0.1926718952463486, 3: 0.1340365579158195, 4: 0.111248909547784}",Children15_17,30
13,10000,0.13121003126594133,0.2158120422622642,"{0: 0.2170469929559745, 1: 0.2043204911429067, 2: 0.1926718952463486, 3: 0.1340365579158195, 4: 0.111248909547784}",Children15_17,30
0,0,0.11371926358554174,0.21498977117138132,"{1: 0.22779643585909357, 2: 0.19991128754690837, 3: 0.1998692996407476, 4: 0.2019863099042468, 5: 0.1903075780364768, 6: 0.19687660989201913, 7: 0.18310654919045133, 9: 0.2223015087367455, 8: 0.1900544639569501, 13: 0.10839211886840976, 10: 0.15391518820868677, 12: 0.0935352900335353}",num_members,30
1,10,0.09969470537934257,0.2151821694533556,"{1: 0.2238769838921784, 2: 0.20611277033294714, 3: 0.20542819748709618, 4: 0.20463250505597633, 5: 0.19650677823997348, 6: 0.19803294773899932, 7: 0.1915308336347575, 9: 0.22006545621622806, 8: 0.1970136789591068, 13: 0.10839211886840976, 10: 0.218600675416652, 12: 0.0935352900335353}",num_members,30
2,25,0.08069249596844039,0.21547724056397166,"{1: 0.222277978049571, 2: 0.2086945649718097, 3: 0.20752675487774147, 4: 0.20703259545050764, 5: 0.20047688122858964, 6: 0.20283605670302524, 7: 0.19538175722012974, 9: 0.21420167332519302, 8: 0.20057946521273137, 13: 0.10839211886840976, 10: 0.218600675416652, 12: 0.284491055969591}",num_members,30
3,50,0.05975280968537071,0.2159700530504225,"{1: 0.22096797958877812, 2: 0.2114150926226288, 3: 0.20983304041535839, 4: 0.20980421201821275, 5: 0.20336126763013207, 6: 0.2074836161319364, 7: 0.20043262152694236, 9: 0.21303580058408958, 8: 0.20526477270170798, 13: 0.16163739296590052, 10: 0.23513756885399212, 12: 0.284491055969591}",num_members,30
4,75,0.051603177167164054,0.21632417789501623,"{1: 0.22100596808916984, 2: 0.2121246888057068, 3: 0.21070419701665147, 4: 0.210356353038895, 5: 0.20432413116187312, 6: 0.20826580184514132, 7: 0.20216695930723572, 9: 0.2097926911836229, 8: 0.20526477270170798, 13: 0.16163739296590052, 10: 0.23513756885399212, 12: 0.2634364261150631}",num_members,30
5,100,0.051576963020069005,0.21702765647823136,"{1: 0.2213495578449632, 2: 0.21314599890701388, 3: 0.21198202974120453, 4: 0.211710055499816, 5: 0.20522033819426386, 6: 0.20977349430839662, 7: 0.20241048792277808, 9: 0.214020221983037, 8: 0.20526477270170798, 13: 0.16163739296590052, 10: 0.23513756885399212, 12: 0.2634364261150631}",num_members,30
6,250,0.04995868839924756,0.21919763474063458,"{1: 0.2227532245738438, 2: 0.21611440174075489, 3: 0.21526217605822642, 4: 0.21469030399597339, 5: 0.2090312626811768, 6: 0.21285757074495987, 7: 0.20599068771874132, 9: 0.214020221983037, 8: 0.20576911088506664, 13: 0.16163739296590052, 10: 0.23513756885399212, 12: 0.2634364261150631}",num_members,30
7,500,0.048624861258209855,0.21926243125929715,"{1: 0.2222869943483012, 2: 0.2167657799533921, 3: 0.21556612234101596, 4: 0.21504308757788435, 5: 0.2123343974114471, 6: 0.21304375943984744, 7: 0.20851969868492864, 9: 0.21592501562287508, 8: 0.20610150958592147, 13: 0.16163739296590052, 10: 0.23513756885399212, 12: 0.2634364261150631}",num_members,30
8,750,0.04793861093778413,0.21956992070923528,"{1: 0.2224904693885226, 2: 0.21723225654206257, 3: 0.21594818342459748, 4: 0.21551794453664014, 5: 0.2125583364116444, 6: 0.2135121764198072, 7: 0.20998454722775053, 9: 0.21592501562287508, 8: 0.20715694832501416, 13: 0.16163739296590052, 10: 0.23513756885399212, 12: 0.2634364261150631}",num_members,30
9,1000,0.04699292698192527,0.21999513911852375,"{1: 0.22278903287547513, 2: 0.21776859307690116, 3: 0.21644522917232775, 4: 0.21615030202429147, 5: 0.21345553433788003, 6: 0.21463095296389476, 7: 0.20881740079643257, 9: 0.21735094272425778, 8: 0.21150417413727363, 13: 0.16163739296590052, 10: 0.23513756885399212, 12: 0.2634364261150631}",num_members,30
10,2500,0.04627756848059334,0.2207309110889839,"{1: 0.22344990987894886, 2: 0.21852708571990279, 3: 0.21719103275528692, 4: 0.2168965805616194, 5: 0.21516756335452022, 6: 0.21514767879891564, 7: 0.21088597893743044, 9: 0.21530007835918533, 8: 0.21150417413727363, 13: 0.16163739296590052, 10: 0.23513756885399212, 12: 0.2634364261150631}",num_members,30
11,5000,0.04630728654932175,0.2207181821310828,"{1: 0.2234332255833354, 2: 0.21857656934122652, 3: 0.21719138723492726, 4: 0.2167656431643141, 5: 0.21515255969484312, 6: 0.21500002991102382, 7: 0.21088597893743044, 9: 0.21530007835918533, 8: 0.21150417413727363, 13: 0.16163739296590052, 10: 0.23513756885399212, 12: 0.2634364261150631}",num_members,30
12,7500,0.046484571794439405,0.22111460904738334,"{1: 0.223846232380547, 2: 0.21897028077160716, 3: 0.2175240694731348, 4: 0.21728444016246154, 5: 0.2153491201198691, 6: 0.21562263459453668, 7: 0.21057651541490388, 9: 0.21530007835918533, 8: 0.21150417413727363, 13: 0.16163739296590052, 10: 0.23513756885399212, 12: 0.2634364261150631}",num_members,30
13,10000,0.04640939818107085,0.22083438516221945,"{1: 0.2235007295576096, 2: 0.2187131614685398, 3: 0.21735166511509837, 4: 0.21707278743551495, 5: 0.21530749691462353, 6: 0.21549885103478864, 7: 0.21045181846970182, 9: 0.21530007835918533, 8: 0.21150417413727363, 13: 0.16163739296590052, 10: 0.23513756885399212, 12: 0.2634364261150631}",num_members,30
0,0,0.10597527812392832,0.21498977117138132,"{0: 0.21685226498488286, 1: 0.1646608827552515, 2: 0.16766708524990506, 3: 0.19499941733196016, 4: 0.19663618201579547, 5: 0.26523405755871704, 8: 0.301760179376302, 7: 0.18870897865086, 6: 0.2039061334066835}",UnrelatedChildren,30
1,10,0.08203998229040543,0.2151114901738741,"{0: 0.21632325719674664, 1: 0.1838116141859429, 2: 0.18422576303741248, 3: 0.1954351774338609, 4: 0.1917277868125062, 5: 0.23889605716579868, 8: 0.301760179376302, 7: 0.18870897865086, 6: 0.2039061334066835}",UnrelatedChildren,30
2,25,0.07406159161662575,0.2155686038906071,"{0: 0.21645891050375304, 1: 0.19189174455798802, 2: 0.19537090406302168, 3: 0.19740070744257227, 4: 0.2005127846693441, 5: 0.23889605716579868, 8: 0.301760179376302, 7: 0.18870897865086, 6: 0.208347161171922}",UnrelatedChildren,30
3,50,0.13260497730203805,0.24250176486858277,"{0: 0.24332297933361638, 1: 0.2205574005389132, 2: 0.2236455541411821, 3: 0.22539394383540473, 4: 0.22111585071942677, 5: 0.23889605716579868, 8: 0.397642156093852, 7: 0.18870897865086, 6: 0.389227916554994}",UnrelatedChildren,30
4,75,0.07077681379654593,0.231916727898595,"{0: 0.23271553963451153, 1: 0.209594860102005, 2: 0.21567122974118505, 3: 0.22460198908677742, 4: 0.205431458770548, 5: 0.245243648462931, 8: 0.301760179376302, 7: 0.18870897865086, 6: 0.2039061334066835}",UnrelatedChildren,30
5,100,0.10941234506900861,0.24103742243316212,"{0: 0.24182953009145927, 1: 0.21974737862964383, 2: 0.22285787708503035, 3: 0.22542478595584473, 4: 0.22305006475708855, 5: 0.245243648462931, 8: 0.301760179376302, 7: 0.18870897865086, 6: 0.389227916554994}",UnrelatedChildren,30
6,250,0.10497889538736462,0.3081297302996017,"{0: 0.3087163452519572, 1: 0.2963597926822709, 2: 0.28586771357496304, 3: 0.29711567845534154, 4: 0.27988744221091616, 5: 0.3114499454291415, 8: 0.397642156093852, 7: 0.2049271629800794, 6: 0.433206288237757}",UnrelatedChildren,30
7,500,0.06464568386799203,0.23914211859553786,"{0: 0.23951267125173004, 1: 0.2314168825258961, 2: 0.22540310738711605, 3: 0.23517368535138605, 4: 0.22874591641447029, 5: 0.245243648462931, 8: 0.301760179376302, 7: 0.18870897865086, 6: 0.2039061334066835}",UnrelatedChildren,30
8,750,0.0645859596580834,0.23940899298159565,"{0: 0.2396081165537051, 1: 0.2355583781836372, 2: 0.22992479202935254, 3: 0.24332554793708616, 4: 0.22867835423588498, 5: 0.245243648462931, 8: 0.301760179376302, 7: 0.18870897865086, 6: 0.2039061334066835}",UnrelatedChildren,30
9,1000,0.06602601727937955,0.23969216518018555,"{0: 0.23979850174787953, 1: 0.23758592671611312, 2: 0.23254108171353088, 3: 0.2505390278841695, 4: 0.22867835423588498, 5: 0.245243648462931, 8: 0.301760179376302, 7: 0.18870897865086, 6: 0.2039061334066835}",UnrelatedChildren,30
10,2500,0.06623509279679714,0.2418604445139611,"{0: 0.24208136186007553, 1: 0.23669142542795907, 2: 0.23243802379692405, 3: 0.2505390278841695, 4: 0.22867835423588498, 5: 0.245243648462931, 8: 0.301760179376302, 7: 0.18870897865086, 6: 0.2039061334066835}",UnrelatedChildren,30
11,5000,0.06621854409356061,0.24193162620521744,"{0: 0.24213527368403792, 1: 0.23747362836818578, 2: 0.23240981565119917, 3: 0.2505390278841695, 4: 0.22867835423588498, 5: 0.245243648462931, 8: 0.301760179376302, 7: 0.18870897865086, 6: 0.2039061334066835}",UnrelatedChildren,30
12,7500,0.10387440095409117,0.25107591643686267,"{0: 0.25193291183418376, 1: 0.22810240771241755, 2: 0.2314189591643199, 3: 0.23649326428705972, 4: 0.23195613083117358, 5: 0.245243648462931, 8: 0.301760179376302, 7: 0.18870897865086, 6: 0.389227916554994}",UnrelatedChildren,30
13,10000,0.10387440095409117,0.25107591643686267,"{0: 0.25193291183418376, 1: 0.22810240771241755, 2: 0.2314189591643199, 3: 0.23649326428705972, 4: 0.23195613083117358, 5: 0.245243648462931, 8: 0.301760179376302, 7: 0.18870897865086, 6: 0.389227916554994}",UnrelatedChildren,30
0,0,0.18650375625657994,0.21498977117138132,"{0: 0.2168516693567887, 1: 0.1633445453712311, 2: 0.14198518052949624, 3: 0.14680046424014936, 5: 0.0755618738211595, 6: 0.0893747670423896}",UnrelatedAdults,30
1,10,0.18468909286031657,0.21505046437567127,"{0: 0.21641184163330374, 1: 0.17766118684783797, 2: 0.16071174973647498, 3: 0.1576145465057155, 5: 0.0755618738211595, 6: 0.0893747670423896}",UnrelatedAdults,30
2,25,0.18634022791914004,0.2150940871579715,"{0: 0.2163027470430547, 1: 0.18250459921403953, 2: 0.16071174973647498, 3: 0.1576145465057155, 5: 0.0755618738211595, 6: 0.0893747670423896}",UnrelatedAdults,30
3,50,0.18713488106862003,0.21512686737475636,"{0: 0.2162626887407824, 1: 0.1848277266503874, 2: 0.16071174973647498, 3: 0.1576145465057155, 5: 0.0755618738211595, 6: 0.0893747670423896}",UnrelatedAdults,30
4,75,0.1874210866668118,0.21513632349207956,"{0: 0.21624556118421617, 1: 0.1856728565281161, 2: 0.16071174973647498, 3: 0.1576145465057155, 5: 0.0755618738211595, 6: 0.0893747670423896}",UnrelatedAdults,30
5,100,0.18766641332677372,0.2151473059630068,"{0: 0.21624187407837145, 1: 0.1862609440290909, 2: 0.15900412203811154, 3: 0.1576145465057155, 5: 0.0755618738211595, 6: 0.0893747670423896}",UnrelatedAdults,30
6,250,0.1861693422433676,0.21565079076090546,"{0: 0.21659953762550022, 1: 0.1901604643663774, 2: 0.16715587039630392, 3: 0.19396952759377928, 5: 0.0755618738211595, 6: 0.0893747670423896}",UnrelatedAdults,30
7,500,0.18632662023906443,0.21727437838705388,"{0: 0.21818388650970705, 1: 0.19249525725927336, 2: 0.17526233903617153, 3: 0.20043822745210907, 5: 0.0755618738211595, 6: 0.0893747670423896}",UnrelatedAdults,30
8,750,0.18334881877136217,0.21604877081143142,"{0: 0.21695131389801522, 1: 0.19149758411102502, 2: 0.17526233903617153, 3: 0.19396952759377928, 5: 0.0755618738211595, 6: 0.0893747670423896}",UnrelatedAdults,30
9,1000,0.1864953558746695,0.21753015810142656,"{0: 0.21844014339766837, 1: 0.19275930486705817, 2: 0.17526233903617153, 3: 0.20043822745210907, 5: 0.0755618738211595, 6: 0.0893747670423896}",UnrelatedAdults,30
10,2500,0.1834623387338946,0.21578461084878814,"{0: 0.21668203107102865, 1: 0.19142449368279946, 2: 0.17446041350597324, 3: 0.19396952759377928, 5: 0.0755618738211595, 6: 0.0893747670423896}",UnrelatedAdults,30
11,5000,0.18385314187534707,0.21742846045812989,"{0: 0.21834289881554828, 1: 0.19255001501171273, 2: 0.1764329876422502, 3: 0.19396952759377928, 5: 0.0755618738211595, 6: 0.0893747670423896}",UnrelatedAdults,30
12,7500,0.1838610618213104,0.21744774490702512,"{0: 0.21835825796400188, 1: 0.19269431983603078, 2: 0.1764329876422502, 3: 0.19396952759377928, 5: 0.0755618738211595, 6: 0.0893747670423896}",UnrelatedAdults,30
13,10000,0.1838610618213104,0.21744774490702512,"{0: 0.21835825796400188, 1: 0.19269431983603078, 2: 0.1764329876422502, 3: 0.19396952759377928, 5: 0.0755618738211595, 6: 0.0893747670423896}",UnrelatedAdults,30
0,0,0.0802033416354405,0.21498977117138132,"{3: 0.24237396275973516, 5: 0.16961975140222021, 1: 0.26107272995948305, 4: 0.22774162815615429}",proj,30
1,10,0.05690082178145747,0.2164248941822801,"{3: 0.23609996119712964, 5: 0.18404938899613718, 1: 0.2489694424375181, 4: 0.22691897925187457}",proj,30
2,25,0.04724185592357009,0.2185372215650683,"{3: 0.23488740743724387, 5: 0.19179225235043307, 1: 0.245536240860083, 4: 0.22632450704019286}",proj,30
3,50,0.03352879097557922,0.22517259534342146,"{3: 0.2366936868184335, 5: 0.2060390255974509, 1: 0.24475949454026785, 4: 0.22982847943989293}",proj,30
4,75,0.02620600944855617,0.22969778660690773,"{3: 0.23844266917248766, 5: 0.21480329757460231, 1: 0.2452690094078421, 4: 0.2322710546054449}",proj,30
5,100,0.02234562682201232,0.23262097847692517,"{3: 0.24019962183755422, 5: 0.21987296134063236, 1: 0.24597090777725242, 4: 0.23443145264667106}",proj,30
6,250,0.01207830813712665,0.2457163960821855,"{3: 0.25022398544098723, 5: 0.23897211218053707, 1: 0.252930360469135, 4: 0.24443476835039443}",proj,30
7,500,0.008020840969189067,0.2574822429107239,"{3: 0.26070884601758665, 5: 0.25346624945097, 1: 0.26208582216816206, 4: 0.25352845694794574}",proj,30
8,750,0.007305098726563659,0.27029379599188846,"{3: 0.2729248355463577, 5: 0.26750566029173956, 1: 0.27375066924987257, 4: 0.26504525361878717}",proj,30
9,1000,0.00724627386789783,0.27292576360530063,"{3: 0.2752693248001319, 5: 0.2706000650453391, 1: 0.2760126251243248, 4: 0.2670481303017261}",proj,30
10,2500,0.006505595541573748,0.2913486501652529,"{3: 0.29379015242714435, 5: 0.28937209641046746, 1: 0.2939219072685742, 4: 0.28531182181875747}",proj,30
11,5000,0.006368322583067407,0.2952649126635338,"{3: 0.2976568640256138, 5: 0.2934911567118683, 1: 0.29761844504426516, 4: 0.2890318275104515}",proj,30
12,7500,0.005341639832799191,0.29645237408869457,"{3: 0.2986941199256532, 5: 0.294622877900034, 1: 0.29869915298731203, 4: 0.2916261127785382}",proj,30
13,10000,0.005438992778350333,0.29747584644877473,"{3: 0.29988715681025385, 5: 0.29544633045493446, 1: 0.2998895052680994, 4: 0.29275457881135825}",proj,30
